timestamp,panel_id,voltage_v,current_a,power_w,temperature_c,efficiency_pct,rated_capacity_w,install_year,location_id,solar_radiation_w_m2,ambient_temp_c,wind_speed_m_s,manufacturer_NovaPower,manufacturer_SolarTech,voltage_v_scaled,ambient_temp_c_scaled,efficiency_pct_scaled
2026-08-01 00:00:00,PANEL_01,0.0,0.0,0.0,18.33,0.0,350,2024,LOC_A,0.0,21.15,3.33,0,1,-1.0721826459845616,-0.8928904239266232,1e-06
2026-08-01 00:00:00,PANEL_02,0.0,0.0,0.0,17.97,0.0,400,2025,LOC_A,0.0,21.15,3.33,0,0,-1.0721826459845616,-0.8928904239266232,1e-06
2026-08-01 00:00:00,PANEL_03,0.0,0.0,0.0,18.14,0.0,380,2023,LOC_B,0.0,21.15,3.33,1,0,-1.0721826459845616,-0.8928904239266232,1e-06
2026-08-01 01:00:00,PANEL_01,0.0,0.0,0.0,17.44,0.0,350,2024,LOC_A,0.0,20.32,5.33,0,1,-1.0721826459845616,-1.0840390240837245,1e-06
2026-08-01 01:00:00,PANEL_02,0.0,0.0,0.0,19.22,0.0,400,2025,LOC_A,0.0,20.32,5.33,0,0,-1.0721826459845616,-1.0840390240837245,1e-06
2026-08-01 01:00:00,PANEL_03,0.0,0.0,0.0,18.06,0.0,380,2023,LOC_B,0.0,20.32,5.33,1,0,-1.0721826459845616,-1.0840390240837245,1e-06
2026-08-01 02:00:00,PANEL_01,0.0,0.0,0.0,18.05,0.0,350,2024,LOC_A,0.0,19.02,3.22,0,1,-1.0721826459845616,-1.3834283978237638,1e-06
2026-08-01 02:00:00,PANEL_02,0.0,0.0,0.0,18.36,0.0,400,2025,LOC_A,0.0,19.02,3.22,0,0,-1.0721826459845616,-1.3834283978237638,1e-06
2026-08-01 02:00:00,PANEL_03,0.0,0.0,0.0,18.24,0.0,380,2023,LOC_B,0.0,19.02,3.22,1,0,-1.0721826459845616,-1.3834283978237638,1e-06
2026-08-01 03:00:00,PANEL_01,0.0,0.0,0.0,18.11,0.0,350,2024,LOC_A,0.0,20.26,4.42,0,1,-1.0721826459845616,-1.0978569951794184,1e-06
2026-08-01 03:00:00,PANEL_02,0.0,0.0,0.0,17.6,0.0,400,2025,LOC_A,0.0,20.26,4.42,0,0,-1.0721826459845616,-1.0978569951794184,1e-06
2026-08-01 03:00:00,PANEL_03,0.0,0.0,0.0,18.24,0.0,380,2023,LOC_B,0.0,20.26,4.42,1,0,-1.0721826459845616,-1.0978569951794184,1e-06
2026-08-01 04:00:00,PANEL_01,0.0,0.0,0.0,18.94,0.0,350,2024,LOC_A,0.0,18.83,4.15,0,1,-1.0721826459845616,-1.427185306293462,1e-06
2026-08-01 04:00:00,PANEL_02,0.0,0.0,0.0,18.67,0.0,400,2025,LOC_A,0.0,18.83,4.15,0,0,-1.0721826459845616,-1.427185306293462,1e-06
2026-08-01 04:00:00,PANEL_03,0.0,0.0,0.0,18.8,0.0,380,2023,LOC_B,0.0,18.83,4.15,1,0,-1.0721826459845616,-1.427185306293462,1e-06
2026-08-01 05:00:00,PANEL_01,0.0,0.0,0.0,17.74,0.0,350,2024,LOC_A,0.0,19.43,2.94,0,1,-1.0721826459845616,-1.2890055953365207,1e-06
2026-08-01 05:00:00,PANEL_02,0.0,0.0,0.0,17.51,0.0,400,2025,LOC_A,0.0,19.43,2.94,0,0,-1.0721826459845616,-1.2890055953365207,1e-06
2026-08-01 05:00:00,PANEL_03,0.0,0.0,0.0,17.94,0.0,380,2023,LOC_B,0.0,19.43,2.94,1,0,-1.0721826459845616,-1.2890055953365207,1e-06
2026-08-01 06:00:00,PANEL_01,30.03,0.11,3.29,22.31,0.0,350,2024,LOC_A,7.26,19.23,1.43,0,1,0.5329910873434953,-1.3350654989888342,1e-06
2026-08-01 06:00:00,PANEL_02,30.76,0.0,0.0,23.57,0.0,400,2025,LOC_A,7.26,19.23,1.43,0,0,0.5720112946471744,-1.3350654989888342,1e-06
2026-08-01 06:00:00,PANEL_03,29.49,0.0,0.0,24.82,0.0,380,2023,LOC_B,7.26,19.23,1.43,1,0,0.5041268244065271,-1.3350654989888342,1e-06
2026-08-01 07:00:00,PANEL_01,33.14,2.47,81.78,26.59,90.28,350,2024,LOC_A,203.13,21.19,3.88,0,1,0.6992278609249224,-0.8836784431961598,0.9027991943999999
2026-08-01 07:00:00,PANEL_02,32.94,3.15,103.85,27.62,100.0,400,2025,LOC_A,203.13,21.19,3.88,0,0,0.6885373931704897,-0.8836784431961598,0.9999989999999999
2026-08-01 07:00:00,PANEL_03,32.35,2.86,92.64,27.61,94.19,380,2023,LOC_B,203.13,21.19,3.88,1,0,0.6570005132949137,-0.8836784431961598,0.9418991161999999
2026-08-01 08:00:00,PANEL_01,34.65,4.79,166.06,31.27,94.89,350,2024,LOC_A,397.76,22.32,5.26,0,1,0.7799408924708886,-0.6234399875605877,0.9488991022
2026-08-01 08:00:00,PANEL_02,36.35,5.41,196.72,32.63,98.36,400,2025,LOC_A,397.76,22.32,5.26,0,0,0.8708098683835659,-0.6234399875605877,0.9835990327999999
2026-08-01 08:00:00,PANEL_03,35.87,4.92,176.53,34.07,92.91,380,2023,LOC_B,397.76,22.32,5.26,1,0,0.8451527457729274,-0.6234399875605877,0.9290991417999999
2026-08-01 09:00:00,PANEL_01,38.51,6.11,235.17,34.58,95.02,350,2024,LOC_A,594.27,25.05,1.79,0,1,0.986266920131438,0.005277697293494387,0.9501990995999998
2026-08-01 09:00:00,PANEL_02,38.58,6.95,268.14,34.03,94.8,400,2025,LOC_A,594.27,25.05,1.79,0,0,0.9900085838454894,0.005277697293494387,0.9479991039999999
2026-08-01 09:00:00,PANEL_03,38.21,6.68,255.14,34.06,94.95,380,2023,LOC_B,594.27,25.05,1.79,1,0,0.9702312184997892,0.005277697293494387,0.9494991009999999
2026-08-01 10:00:00,PANEL_01,40.04,7.2,288.38,36.74,95.14,350,2024,LOC_A,719.79,26.64,2.12,0,1,1.0680489984528476,0.37145393132938825,0.9513990971999999
2026-08-01 10:00:00,PANEL_02,41.14,7.73,318.18,38.08,91.85,400,2025,LOC_A,719.79,26.64,2.12,0,0,1.126846571102227,0.37145393132938825,0.9184991629999999
2026-08-01 10:00:00,PANEL_03,41.02,7.42,304.13,36.65,92.42,380,2023,LOC_B,719.79,26.64,2.12,1,0,1.1204322904495676,0.37145393132938825,0.9241991515999999
2026-08-01 11:00:00,PANEL_01,41.41,7.62,315.34,37.71,93.28,350,2024,LOC_A,832.31,27.52,3.15,0,1,1.1412787025707107,0.5741175073995682,0.9327991344
2026-08-01 11:00:00,PANEL_02,41.04,9.12,374.24,39.42,96.86,400,2025,LOC_A,832.31,27.52,3.15,0,0,1.1215013372250107,0.5741175073995682,0.9685990627999999
2026-08-01 11:00:00,PANEL_03,42.23,8.33,351.75,37.36,95.83,380,2023,LOC_B,832.31,27.52,3.15,1,0,1.1851096203638845,0.5741175073995682,0.9582990833999999
2026-08-01 12:00:00,PANEL_01,41.74,8.02,334.54,37.78,95.58,350,2024,LOC_A,831.95,30.72,3.48,0,1,1.158917974365525,1.3110759658365874,0.9557990883999998
2026-08-01 12:00:00,PANEL_02,42.36,8.95,378.98,38.63,94.75,400,2025,LOC_A,831.95,30.72,3.48,0,0,1.1920584244042658,1.3110759658365874,0.9474991049999999
2026-08-01 12:00:00,PANEL_03,42.36,8.57,362.88,38.64,95.5,380,2023,LOC_B,831.95,30.72,3.48,1,0,1.1920584244042658,1.3110759658365874,0.9549990899999999
2026-08-01 13:00:00,PANEL_01,42.17,7.51,316.61,39.1,93.65,350,2024,LOC_A,789.31,30.85,2.03,0,1,1.181902480037555,1.3410149032105918,0.9364991269999999
2026-08-01 13:00:00,PANEL_02,41.89,8.73,365.76,38.82,94.66,400,2025,LOC_A,789.31,30.85,2.03,0,0,1.1669358251813493,1.3410149032105918,0.9465991067999998
2026-08-01 13:00:00,PANEL_03,40.97,8.6,352.48,38.3,96.03,380,2023,LOC_B,789.31,30.85,2.03,1,0,1.1177596735109592,1.3410149032105918,0.9602990793999999
2026-08-01 14:00:00,PANEL_01,40.13,7.28,292.16,36.29,96.39,350,2024,LOC_A,742.39,29.23,1.91,0,1,1.0728597089423424,0.9679296836268506,0.9638990721999999
2026-08-01 14:00:00,PANEL_02,39.69,8.14,322.91,37.6,93.22,400,2025,LOC_A,742.39,29.23,1.91,0,0,1.0493406798825904,0.9679296836268506,0.9321991355999999
2026-08-01 14:00:00,PANEL_03,39.75,8.04,319.61,34.91,97.12,380,2023,LOC_B,742.39,29.23,1.91,1,0,1.0525478202089202,0.9679296836268506,0.9711990575999999
2026-08-01 15:00:00,PANEL_01,39.33,6.0,235.94,34.51,95.34,350,2024,LOC_A,606.95,31.59,3.71,0,1,1.0300978379246117,1.5114365467241522,0.9533990931999999
2026-08-01 15:00:00,PANEL_02,38.21,7.07,270.23,34.57,95.54,400,2025,LOC_A,606.95,31.59,3.71,0,0,0.9702312184997892,1.5114365467241522,0.9553990891999999
2026-08-01 15:00:00,PANEL_03,39.04,6.55,255.71,34.76,95.17,380,2023,LOC_B,606.95,31.59,3.71,1,0,1.0145966596806844,1.5114365467241522,0.9516990966
2026-08-01 16:00:00,PANEL_01,35.82,4.64,166.05,31.81,94.88,350,2024,LOC_A,421.53,30.55,1.73,0,1,0.8424801288343194,1.2719250477321211,0.9487991023999999
2026-08-01 16:00:00,PANEL_02,35.14,5.27,185.26,32.24,92.63,400,2025,LOC_A,421.53,30.55,1.73,0,0,0.8061325384692486,1.2719250477321211,0.9262991473999999
2026-08-01 16:00:00,PANEL_03,36.09,4.98,179.84,31.52,94.65,380,2023,LOC_B,421.53,30.55,1.73,1,0,0.8569122603028037,1.2719250477321211,0.946499107
2026-08-01 17:00:00,PANEL_01,33.28,2.53,84.26,27.1,93.02,350,2024,LOC_A,198.4,29.83,4.77,0,1,0.7067111883530253,1.1061093945837912,0.9301991395999999
2026-08-01 17:00:00,PANEL_02,33.2,2.86,95.1,28.29,91.86,400,2025,LOC_A,198.4,29.83,4.77,0,0,0.7024350012512524,1.1061093945837912,0.9185991627999999
2026-08-01 17:00:00,PANEL_03,32.25,3.0,96.75,28.35,98.38,380,2023,LOC_B,198.4,29.83,4.77,1,0,0.6516552794176973,1.1061093945837912,0.9837990323999999
2026-08-01 18:00:00,PANEL_01,30.13,0.1,2.96,25.67,100.0,350,2024,LOC_A,10.31,27.83,3.89,0,1,0.5383363212207115,0.6455103580606543,0.9999989999999999
2026-08-01 18:00:00,PANEL_02,30.51,0.0,0.0,22.72,0.0,400,2025,LOC_A,10.31,27.83,3.89,0,0,0.5586482099541337,0.6455103580606543,1e-06
2026-08-01 18:00:00,PANEL_03,29.69,0.0,0.08,24.52,100.0,380,2023,LOC_B,10.31,27.83,3.89,1,0,0.51481729216096,0.6455103580606543,0.9999989999999999
2026-08-01 19:00:00,PANEL_01,0.0,0.0,0.0,17.64,0.0,350,2024,LOC_A,0.0,27.69,2.69,0,1,-1.0721826459845616,0.6132684255040353,1e-06
2026-08-01 19:00:00,PANEL_02,0.0,0.0,0.0,18.09,0.0,400,2025,LOC_A,0.0,27.69,2.69,0,0,-1.0721826459845616,0.6132684255040353,1e-06
2026-08-01 19:00:00,PANEL_03,0.0,0.0,0.0,17.62,0.0,380,2023,LOC_B,0.0,27.69,2.69,1,0,-1.0721826459845616,0.6132684255040353,1e-06
2026-08-01 20:00:00,PANEL_01,0.0,0.0,0.0,17.69,0.0,350,2024,LOC_A,0.0,27.04,4.74,0,1,-1.0721826459845616,0.4635737386340153,1e-06
2026-08-01 20:00:00,PANEL_02,0.0,0.0,0.0,17.3,0.0,400,2025,LOC_A,0.0,27.04,4.74,0,0,-1.0721826459845616,0.4635737386340153,1e-06
2026-08-01 20:00:00,PANEL_03,0.0,0.0,0.0,17.54,0.0,380,2023,LOC_B,0.0,27.04,4.74,1,0,-1.0721826459845616,0.4635737386340153,1e-06
2026-08-01 21:00:00,PANEL_01,0.0,0.0,0.0,17.32,0.0,350,2024,LOC_A,0.0,25.75,2.49,0,1,-1.0721826459845616,0.16648736007659215,1e-06
2026-08-01 21:00:00,PANEL_02,0.0,0.0,0.0,17.51,0.0,400,2025,LOC_A,0.0,25.75,2.49,0,0,-1.0721826459845616,0.16648736007659215,1e-06
2026-08-01 21:00:00,PANEL_03,0.0,0.0,0.0,18.53,0.0,380,2023,LOC_B,0.0,25.75,2.49,1,0,-1.0721826459845616,0.16648736007659215,1e-06
2026-08-01 22:00:00,PANEL_01,0.0,0.0,0.0,17.53,0.0,350,2024,LOC_A,0.0,23.2,3.9,0,1,-1.0721826459845616,-0.4207764114904076,1e-06
2026-08-01 22:00:00,PANEL_02,0.0,0.0,0.0,19.32,0.0,400,2025,LOC_A,0.0,23.2,3.9,0,0,-1.0721826459845616,-0.4207764114904076,1e-06
2026-08-01 22:00:00,PANEL_03,0.0,0.0,0.0,18.25,0.0,380,2023,LOC_B,0.0,23.2,3.9,1,0,-1.0721826459845616,-0.4207764114904076,1e-06
2026-08-01 23:00:00,PANEL_01,0.0,0.0,0.0,18.09,0.0,350,2024,LOC_A,0.0,22.78,2.92,0,1,-1.0721826459845616,-0.517502209160266,1e-06
2026-08-01 23:00:00,PANEL_02,0.0,0.0,0.0,17.57,0.0,400,2025,LOC_A,0.0,22.78,2.92,0,0,-1.0721826459845616,-0.517502209160266,1e-06
2026-08-01 23:00:00,PANEL_03,0.0,0.0,0.0,18.35,0.0,380,2023,LOC_B,0.0,22.78,2.92,1,0,-1.0721826459845616,-0.517502209160266,1e-06
2026-08-02 00:00:00,PANEL_01,0.0,0.0,0.0,17.71,0.0,350,2024,LOC_A,0.0,20.61,2.17,0,1,-1.0721826459845616,-1.01725216378787,1e-06
2026-08-02 00:00:00,PANEL_02,0.0,0.0,0.0,18.06,0.0,400,2025,LOC_A,0.0,20.61,2.17,0,0,-1.0721826459845616,-1.01725216378787,1e-06
2026-08-02 00:00:00,PANEL_03,0.0,0.0,0.0,19.28,0.0,380,2023,LOC_B,0.0,20.61,2.17,1,0,-1.0721826459845616,-1.01725216378787,1e-06
2026-08-02 01:00:00,PANEL_01,0.0,0.0,0.0,17.95,0.0,350,2024,LOC_A,0.0,18.85,4.48,0,1,-1.0721826459845616,-1.42257931592823,1e-06
2026-08-02 01:00:00,PANEL_02,0.0,0.0,0.0,18.57,0.0,400,2025,LOC_A,0.0,18.85,4.48,0,0,-1.0721826459845616,-1.42257931592823,1e-06
2026-08-02 01:00:00,PANEL_03,0.0,0.0,0.0,17.65,0.0,380,2023,LOC_B,0.0,18.85,4.48,1,0,-1.0721826459845616,-1.42257931592823,1e-06
2026-08-02 02:00:00,PANEL_01,0.0,0.0,0.0,17.98,0.0,350,2024,LOC_A,0.0,20.29,3.41,0,1,-1.0721826459845616,-1.090948009631572,1e-06
2026-08-02 02:00:00,PANEL_02,0.0,0.0,0.0,18.89,0.0,400,2025,LOC_A,0.0,20.29,3.41,0,0,-1.0721826459845616,-1.090948009631572,1e-06
2026-08-02 02:00:00,PANEL_03,0.0,0.0,0.0,17.69,0.0,380,2023,LOC_B,0.0,20.29,3.41,1,0,-1.0721826459845616,-1.090948009631572,1e-06
2026-08-02 03:00:00,PANEL_01,0.0,0.0,0.0,18.91,0.0,350,2024,LOC_A,0.0,19.8,3.93,0,1,-1.0721826459845616,-1.20379477357974,1e-06
2026-08-02 03:00:00,PANEL_02,0.0,0.0,0.0,18.35,0.0,400,2025,LOC_A,0.0,19.8,3.93,0,0,-1.0721826459845616,-1.20379477357974,1e-06
2026-08-02 03:00:00,PANEL_03,0.0,0.0,0.0,17.72,0.0,380,2023,LOC_B,0.0,19.8,3.93,1,0,-1.0721826459845616,-1.20379477357974,1e-06
2026-08-02 04:00:00,PANEL_01,0.0,0.0,0.0,18.32,0.0,350,2024,LOC_A,0.0,18.69,3.93,0,1,-1.0721826459845616,-1.459427238850081,1e-06
2026-08-02 04:00:00,PANEL_02,0.0,0.0,0.0,18.49,0.0,400,2025,LOC_A,0.0,18.69,3.93,0,0,-1.0721826459845616,-1.459427238850081,1e-06
2026-08-02 04:00:00,PANEL_03,0.0,0.0,0.0,18.31,0.0,380,2023,LOC_B,0.0,18.69,3.93,1,0,-1.0721826459845616,-1.459427238850081,1e-06
2026-08-02 05:00:00,PANEL_01,0.0,0.0,0.0,17.21,0.0,350,2024,LOC_A,0.0,21.03,3.46,0,1,-1.0721826459845616,-0.9205263661180109,1e-06
2026-08-02 05:00:00,PANEL_02,0.0,0.0,0.0,17.64,0.0,400,2025,LOC_A,0.0,21.03,3.46,0,0,-1.0721826459845616,-0.9205263661180109,1e-06
2026-08-02 05:00:00,PANEL_03,0.0,0.0,0.0,17.88,0.0,380,2023,LOC_B,0.0,21.03,3.46,1,0,-1.0721826459845616,-0.9205263661180109,1e-06
2026-08-02 06:00:00,PANEL_01,29.96,0.06,1.86,24.18,0.0,350,2024,LOC_A,46.94,18.66,4.49,0,1,0.5292494236294439,-1.4663362243979283,1e-06
2026-08-02 06:00:00,PANEL_02,29.33,0.04,1.12,24.61,0.0,400,2025,LOC_A,46.94,18.66,4.49,0,0,0.495574450202981,-1.4663362243979283,1e-06
2026-08-02 06:00:00,PANEL_03,30.28,0.11,3.27,24.83,0.0,380,2023,LOC_B,46.94,18.66,4.49,1,0,0.5463541720365361,-1.4663362243979283,1e-06
2026-08-02 07:00:00,PANEL_01,33.34,2.57,85.82,26.22,94.74,350,2024,LOC_A,222.61,21.76,3.61,0,1,0.7099183286793552,-0.7524077177870657,0.9473991051999998
2026-08-02 07:00:00,PANEL_02,33.32,2.97,99.04,28.15,95.67,400,2025,LOC_A,222.61,21.76,3.61,0,0,0.7088492819039118,-0.7524077177870657,0.9566990865999999
2026-08-02 07:00:00,PANEL_03,32.47,2.77,89.92,28.94,91.43,380,2023,LOC_B,222.61,21.76,3.61,1,0,0.6634147939475731,-0.7524077177870657,0.9142991713999999
2026-08-02 08:00:00,PANEL_01,35.98,4.69,168.7,31.53,96.4,350,2024,LOC_A,365.37,23.27,3.93,0,1,0.8510325030378654,-0.4046554452120978,0.9639990719999999
2026-08-02 08:00:00,PANEL_02,36.01,5.37,193.38,30.98,96.69,400,2025,LOC_A,365.37,23.27,3.93,0,0,0.8526360732010303,-0.4046554452120978,0.9668990661999999
2026-08-02 08:00:00,PANEL_03,36.05,4.96,178.83,31.07,94.12,380,2023,LOC_B,365.37,23.27,3.93,1,0,0.8547741667519168,-0.4046554452120978,0.9411991176
2026-08-02 09:00:00,PANEL_01,38.33,6.16,235.96,34.13,95.34,350,2024,LOC_A,645.38,24.59,2.53,0,1,0.9766454991524487,-0.10066008110682731,0.9533990931999999
2026-08-02 09:00:00,PANEL_02,39.11,6.78,265.2,34.42,93.76,400,2025,LOC_A,645.38,24.59,2.53,0,0,1.0183383233947358,-0.10066008110682731,0.9375991248
2026-08-02 09:00:00,PANEL_03,38.27,6.82,260.8,34.8,97.06,380,2023,LOC_B,645.38,24.59,2.53,1,0,0.9734383588261191,-0.10066008110682731,0.9705990588
2026-08-02 10:00:00,PANEL_01,40.91,6.89,281.88,37.26,93.0,350,2024,LOC_A,721.07,27.29,3.89,0,1,1.1145525331846293,0.5211486181994074,0.92999914
2026-08-02 10:00:00,PANEL_02,40.84,8.07,329.43,38.06,95.1,400,2025,LOC_A,721.07,27.29,3.89,0,0,1.1108108694705783,0.5211486181994074,0.9509990979999998
2026-08-02 10:00:00,PANEL_03,40.13,7.93,318.29,39.29,96.72,380,2023,LOC_B,721.07,27.29,3.89,1,0,1.0728597089423424,0.5211486181994074,0.9671990655999999
2026-08-02 11:00:00,PANEL_01,41.41,7.71,319.33,39.94,94.45,350,2024,LOC_A,805.14,28.41,3.62,0,1,1.1412787025707107,0.7790840786523644,0.944499111
2026-08-02 11:00:00,PANEL_02,42.38,8.61,364.84,38.07,94.43,400,2025,LOC_A,805.14,28.41,3.62,0,0,1.1931274711797093,0.7790840786523644,0.9442991114
2026-08-02 11:00:00,PANEL_03,41.45,8.28,343.13,37.57,93.48,380,2023,LOC_B,805.14,28.41,3.62,1,0,1.1434167961215977,0.7790840786523644,0.9347991304
2026-08-02 12:00:00,PANEL_01,41.5,7.94,329.31,38.97,94.09,350,2024,LOC_A,879.06,28.68,3.11,0,1,1.1460894130602057,0.8412649485829877,0.9408991181999999
2026-08-02 12:00:00,PANEL_02,42.12,9.18,386.53,38.0,96.63,400,2025,LOC_A,879.06,28.68,3.11,0,0,1.1792298630989466,0.8412649485829877,0.9662990673999998
2026-08-02 12:00:00,PANEL_03,42.49,8.47,360.09,38.95,94.76,380,2023,LOC_B,879.06,28.68,3.11,1,0,1.1990072284446471,0.8412649485829877,0.9475991048
2026-08-02 13:00:00,PANEL_01,41.93,7.55,316.46,38.87,93.61,350,2024,LOC_A,809.27,29.03,3.86,0,1,1.1690739187322357,0.921869779974537,0.9360991277999999
2026-08-02 13:00:00,PANEL_02,41.67,8.86,369.1,38.78,95.53,400,2025,LOC_A,809.27,29.03,3.86,0,0,1.1551763106514734,0.921869779974537,0.9552990893999999
2026-08-02 13:00:00,PANEL_03,42.82,8.08,345.97,37.96,94.26,380,2023,LOC_B,809.27,29.03,3.86,1,0,1.2166465002394609,0.921869779974537,0.9425991147999999
2026-08-02 14:00:00,PANEL_01,40.08,7.13,285.73,36.35,94.27,350,2024,LOC_A,743.95,30.8,3.22,0,1,1.070187092003734,1.3294999272975132,0.9426991145999999
2026-08-02 14:00:00,PANEL_02,40.99,8.17,334.91,36.42,96.68,400,2025,LOC_A,743.95,30.8,3.22,0,0,1.1188287202864027,1.3294999272975132,0.9667990663999999
2026-08-02 14:00:00,PANEL_03,39.98,7.87,314.52,36.44,95.57,380,2023,LOC_B,743.95,30.8,3.22,1,0,1.0648418581265175,1.3294999272975132,0.9556990885999999
2026-08-02 15:00:00,PANEL_01,38.8,6.08,235.9,33.09,95.32,350,2024,LOC_A,558.58,30.66,3.09,0,1,1.0017680983753652,1.2972579947408935,0.9531990935999999
2026-08-02 15:00:00,PANEL_02,39.26,7.02,275.75,33.99,97.49,400,2025,LOC_A,558.58,30.66,3.09,0,0,1.0263561742105602,1.2972579947408935,0.9748990501999999
2026-08-02 15:00:00,PANEL_03,38.29,6.69,256.36,34.94,95.41,380,2023,LOC_B,558.58,30.66,3.09,1,0,0.9745074056015621,1.2972579947408935,0.9540990917999999
2026-08-02 16:00:00,PANEL_01,36.33,4.78,173.55,31.32,99.17,350,2024,LOC_A,400.93,30.67,3.98,0,1,0.8697408216081225,1.2995609899235094,0.9916990165999999
2026-08-02 16:00:00,PANEL_02,35.6,5.2,185.09,30.77,92.54,400,2025,LOC_A,400.93,30.67,3.98,0,0,0.8307206143044437,1.2995609899235094,0.9253991492
2026-08-02 16:00:00,PANEL_03,35.98,5.2,186.96,30.98,98.4,380,2023,LOC_B,400.93,30.67,3.98,1,0,0.8510325030378654,1.2995609899235094,0.9839990319999999
2026-08-02 17:00:00,PANEL_01,33.22,2.59,86.0,29.07,94.94,350,2024,LOC_A,276.58,30.34,3.81,0,1,0.7035040480266954,1.2235621488971915,0.9493991011999998
2026-08-02 17:00:00,PANEL_02,34.37,2.81,96.53,27.39,93.24,400,2025,LOC_A,276.58,30.34,3.81,0,0,0.7649742376146829,1.2235621488971915,0.9323991351999998
2026-08-02 17:00:00,PANEL_03,33.63,2.85,95.73,29.73,97.33,380,2023,LOC_B,276.58,30.34,3.81,1,0,0.7254195069232825,1.2235621488971915,0.9732990533999999
2026-08-02 18:00:00,PANEL_01,30.29,0.0,0.0,24.59,0.0,350,2024,LOC_A,0.0,27.71,3.47,0,1,0.5468886954242577,0.6178744158692666,1e-06
2026-08-02 18:00:00,PANEL_02,30.55,0.08,2.51,24.51,100.0,400,2025,LOC_A,0.0,27.71,3.47,0,0,0.5607863035050201,0.6178744158692666,0.9999989999999999
2026-08-02 18:00:00,PANEL_03,30.53,0.12,3.57,25.38,100.0,380,2023,LOC_B,0.0,27.71,3.47,1,0,0.5597172567295768,0.6178744158692666,0.9999989999999999
2026-08-02 19:00:00,PANEL_01,0.0,0.0,0.0,18.32,0.0,350,2024,LOC_A,0.0,28.05,6.46,0,1,-1.0721826459845616,0.6961762520781999,1e-06
2026-08-02 19:00:00,PANEL_02,0.0,0.0,0.0,17.92,0.0,400,2025,LOC_A,0.0,28.05,6.46,0,0,-1.0721826459845616,0.6961762520781999,1e-06
2026-08-02 19:00:00,PANEL_03,0.0,0.0,0.0,18.07,0.0,380,2023,LOC_B,0.0,28.05,6.46,1,0,-1.0721826459845616,0.6961762520781999,1e-06
2026-08-02 20:00:00,PANEL_01,0.0,0.0,0.0,18.6,0.0,350,2024,LOC_A,0.0,26.4,3.86,0,1,-1.0721826459845616,0.31618204694661134,1e-06
2026-08-02 20:00:00,PANEL_02,0.0,0.0,0.0,17.59,0.0,400,2025,LOC_A,0.0,26.4,3.86,0,0,-1.0721826459845616,0.31618204694661134,1e-06
2026-08-02 20:00:00,PANEL_03,0.0,0.0,0.0,18.18,0.0,380,2023,LOC_B,0.0,26.4,3.86,1,0,-1.0721826459845616,0.31618204694661134,1e-06
2026-08-02 21:00:00,PANEL_01,0.0,0.0,0.0,17.8,0.0,350,2024,LOC_A,0.0,24.97,2.1,0,1,-1.0721826459845616,-0.013146264167431518,1e-06
2026-08-02 21:00:00,PANEL_02,0.0,0.0,0.0,18.01,0.0,400,2025,LOC_A,0.0,24.97,2.1,0,0,-1.0721826459845616,-0.013146264167431518,1e-06
2026-08-02 21:00:00,PANEL_03,0.0,0.0,0.0,18.64,0.0,380,2023,LOC_B,0.0,24.97,2.1,1,0,-1.0721826459845616,-0.013146264167431518,1e-06
2026-08-02 22:00:00,PANEL_01,0.0,0.0,0.0,18.1,0.0,350,2024,LOC_A,0.0,24.36,4.4,0,1,-1.0721826459845616,-0.15362897030698816,1e-06
2026-08-02 22:00:00,PANEL_02,0.0,0.0,0.0,18.02,0.0,400,2025,LOC_A,0.0,24.36,4.4,0,0,-1.0721826459845616,-0.15362897030698816,1e-06
2026-08-02 22:00:00,PANEL_03,0.0,0.0,0.0,17.32,0.0,380,2023,LOC_B,0.0,24.36,4.4,1,0,-1.0721826459845616,-0.15362897030698816,1e-06
2026-08-02 23:00:00,PANEL_01,0.0,0.0,0.0,18.37,0.0,350,2024,LOC_A,0.0,22.63,2.41,0,1,-1.0721826459845616,-0.5520471368995017,1e-06
2026-08-02 23:00:00,PANEL_02,0.0,0.0,0.0,18.32,0.0,400,2025,LOC_A,0.0,22.63,2.41,0,0,-1.0721826459845616,-0.5520471368995017,1e-06
2026-08-02 23:00:00,PANEL_03,0.0,0.0,0.0,19.08,0.0,380,2023,LOC_B,0.0,22.63,2.41,1,0,-1.0721826459845616,-0.5520471368995017,1e-06
2026-08-03 00:00:00,PANEL_01,0.0,0.0,0.0,17.85,0.0,350,2024,LOC_A,0.0,21.88,1.82,0,1,-1.0721826459845616,-0.7247717755956781,1e-06
2026-08-03 00:00:00,PANEL_02,0.0,0.0,0.0,18.11,0.0,400,2025,LOC_A,0.0,21.88,1.82,0,0,-1.0721826459845616,-0.7247717755956781,1e-06
2026-08-03 00:00:00,PANEL_03,0.0,0.0,0.0,18.12,0.0,380,2023,LOC_B,0.0,21.88,1.82,1,0,-1.0721826459845616,-0.7247717755956781,1e-06
2026-08-03 01:00:00,PANEL_01,0.0,0.0,0.0,18.79,0.0,350,2024,LOC_A,0.0,20.27,6.13,0,1,-1.0721826459845616,-1.0955539999968031,1e-06
2026-08-03 01:00:00,PANEL_02,0.0,0.0,0.0,17.95,0.0,400,2025,LOC_A,0.0,20.27,6.13,0,0,-1.0721826459845616,-1.0955539999968031,1e-06
2026-08-03 01:00:00,PANEL_03,0.0,0.0,0.0,18.14,0.0,380,2023,LOC_B,0.0,20.27,6.13,1,0,-1.0721826459845616,-1.0955539999968031,1e-06
2026-08-03 02:00:00,PANEL_01,0.0,0.0,0.0,18.3,0.0,350,2024,LOC_A,0.0,18.41,2.82,0,1,-1.0721826459845616,-1.5239111039633204,1e-06
2026-08-03 02:00:00,PANEL_02,0.0,0.0,0.0,18.09,0.0,400,2025,LOC_A,0.0,18.41,2.82,0,0,-1.0721826459845616,-1.5239111039633204,1e-06
2026-08-03 02:00:00,PANEL_03,0.0,0.0,0.0,17.78,0.0,380,2023,LOC_B,0.0,18.41,2.82,1,0,-1.0721826459845616,-1.5239111039633204,1e-06
2026-08-03 03:00:00,PANEL_01,0.0,0.0,0.0,18.1,0.0,350,2024,LOC_A,0.0,19.08,2.9,0,1,-1.0721826459845616,-1.36961042672807,1e-06
2026-08-03 03:00:00,PANEL_02,0.0,0.0,0.0,18.54,0.0,400,2025,LOC_A,0.0,19.08,2.9,0,0,-1.0721826459845616,-1.36961042672807,1e-06
2026-08-03 03:00:00,PANEL_03,0.0,0.0,0.0,17.49,0.0,380,2023,LOC_B,0.0,19.08,2.9,1,0,-1.0721826459845616,-1.36961042672807,1e-06
2026-08-03 04:00:00,PANEL_01,0.0,0.0,0.0,18.07,0.0,350,2024,LOC_A,0.0,17.96,3.58,0,1,-1.0721826459845616,-1.6275458871810262,1e-06
2026-08-03 04:00:00,PANEL_02,0.0,0.0,0.0,17.65,0.0,400,2025,LOC_A,0.0,17.96,3.58,0,0,-1.0721826459845616,-1.6275458871810262,1e-06
2026-08-03 04:00:00,PANEL_03,0.0,0.0,0.0,18.6,0.0,380,2023,LOC_B,0.0,17.96,3.58,1,0,-1.0721826459845616,-1.6275458871810262,1e-06
2026-08-03 05:00:00,PANEL_01,0.0,0.0,0.0,17.24,0.0,350,2024,LOC_A,0.0,18.95,4.07,0,1,-1.0721826459845616,-1.3995493641020738,1e-06
2026-08-03 05:00:00,PANEL_02,0.0,0.0,0.0,17.72,0.0,400,2025,LOC_A,0.0,18.95,4.07,0,0,-1.0721826459845616,-1.3995493641020738,1e-06
2026-08-03 05:00:00,PANEL_03,0.0,0.0,0.0,18.19,0.0,380,2023,LOC_B,0.0,18.95,4.07,1,0,-1.0721826459845616,-1.3995493641020738,1e-06
2026-08-03 06:00:00,PANEL_01,30.78,0.0,0.0,23.44,0.0,350,2024,LOC_A,0.0,22.0,2.56,0,1,0.5730803414226177,-0.6971358334042896,1e-06
2026-08-03 06:00:00,PANEL_02,30.94,0.0,0.0,21.8,0.0,400,2025,LOC_A,0.0,22.0,2.56,0,0,0.5816327156261637,-0.6971358334042896,1e-06
2026-08-03 06:00:00,PANEL_03,30.22,0.0,0.0,22.98,0.0,380,2023,LOC_B,0.0,22.0,2.56,1,0,0.5431470317102062,-0.6971358334042896,1e-06
2026-08-03 07:00:00,PANEL_01,33.46,2.6,86.87,27.32,95.9,350,2024,LOC_A,210.33,22.65,2.02,0,1,0.7163326093320146,-0.5474411465342705,0.958999082
2026-08-03 07:00:00,PANEL_02,32.47,3.12,101.18,28.53,97.74,400,2025,LOC_A,210.33,22.65,2.02,0,0,0.6634147939475731,-0.5474411465342705,0.9773990451999999
2026-08-03 07:00:00,PANEL_03,33.06,3.01,99.54,26.81,100.0,380,2023,LOC_B,210.33,22.65,2.02,1,0,0.6949516738231495,-0.5474411465342705,0.9999989999999999
2026-08-03 08:00:00,PANEL_01,35.24,4.65,163.81,31.45,93.61,350,2024,LOC_A,431.82,24.49,1.57,0,1,0.811477772346465,-0.12369003293298449,0.9360991277999999
2026-08-03 08:00:00,PANEL_02,36.12,5.24,189.13,31.85,94.56,400,2025,LOC_A,431.82,24.49,1.57,0,0,0.8585158304659682,-0.12369003293298449,0.9455991087999999
2026-08-03 08:00:00,PANEL_03,35.37,5.25,185.61,31.42,97.69,380,2023,LOC_B,431.82,24.49,1.57,1,0,0.8184265763868459,-0.12369003293298449,0.9768990461999999
2026-08-03 09:00:00,PANEL_01,39.04,6.06,236.45,35.06,95.54,350,2024,LOC_A,606.58,25.21,4.44,0,1,1.0145966596806844,0.042125620215345376,0.9553990891999999
2026-08-03 09:00:00,PANEL_02,38.77,6.98,270.44,35.25,95.61,400,2025,LOC_A,606.58,25.21,4.44,0,0,1.0001645282122007,0.042125620215345376,0.9560990877999999
2026-08-03 09:00:00,PANEL_03,39.15,6.54,256.03,35.32,95.29,380,2023,LOC_B,606.58,25.21,4.44,1,0,1.0204764169456224,0.042125620215345376,0.9528990942
2026-08-03 10:00:00,PANEL_01,40.35,7.28,293.76,36.31,96.92,350,2024,LOC_A,699.01,25.5,4.13,0,1,1.0846192234722183,0.10891248051120005,0.9691990615999999
2026-08-03 10:00:00,PANEL_02,41.29,7.97,328.92,35.56,94.95,400,2025,LOC_A,699.01,25.5,4.13,0,0,1.1348644219180513,0.10891248051120005,0.9494991009999999
2026-08-03 10:00:00,PANEL_03,40.46,7.66,309.88,37.83,94.16,380,2023,LOC_B,699.01,25.5,4.13,1,0,1.0904989807371561,0.10891248051120005,0.9415991167999999
2026-08-03 11:00:00,PANEL_01,41.26,7.74,319.33,36.6,94.46,350,2024,LOC_A,829.95,28.2,3.92,0,1,1.1332608517548863,0.7307211798174348,0.9445991107999998
2026-08-03 11:00:00,PANEL_02,41.36,8.63,357.03,36.9,92.4,400,2025,LOC_A,829.95,28.2,3.92,0,0,1.1386060856321027,0.7307211798174348,0.9239991519999999
2026-08-03 11:00:00,PANEL_03,41.97,8.39,352.0,38.91,95.9,380,2023,LOC_B,829.95,28.2,3.92,1,0,1.1712120122831222,0.7307211798174348,0.958999082
2026-08-03 12:00:00,PANEL_01,41.52,8.0,332.3,39.0,94.94,350,2024,LOC_A,829.6,29.43,3.85,0,1,1.147158459835649,1.0139895872791642,0.9493991011999998
2026-08-03 12:00:00,PANEL_02,41.42,9.32,386.23,39.88,96.56,400,2025,LOC_A,829.6,29.43,3.85,0,0,1.1418132259584326,1.0139895872791642,0.9655990687999999
2026-08-03 12:00:00,PANEL_03,41.89,8.62,361.11,39.21,95.03,380,2023,LOC_B,829.6,29.43,3.85,1,0,1.1669358251813493,1.0139895872791642,0.9502990993999999
2026-08-03 13:00:00,PANEL_01,40.57,7.89,320.17,37.81,94.7,350,2024,LOC_A,799.61,31.69,4.07,0,1,1.096378738002094,1.5344664985503091,0.9469991059999999
2026-08-03 13:00:00,PANEL_02,41.09,8.9,365.9,40.29,94.7,400,2025,LOC_A,799.61,31.69,4.07,0,0,1.1241739541636189,1.5344664985503091,0.9469991059999999
2026-08-03 13:00:00,PANEL_03,41.91,8.26,346.31,39.06,94.35,380,2023,LOC_B,799.61,31.69,4.07,1,0,1.1680048719567924,1.5344664985503091,0.9434991129999999
2026-08-03 14:00:00,PANEL_01,41.09,7.1,291.75,37.05,96.25,350,2024,LOC_A,700.38,31.32,2.33,0,1,1.1241739541636189,1.4492556767935287,0.9624990749999999
2026-08-03 14:00:00,PANEL_02,40.07,8.28,331.89,37.38,95.81,400,2025,LOC_A,700.38,31.32,2.33,0,0,1.0696525686160125,1.4492556767935287,0.9580990837999999
2026-08-03 14:00:00,PANEL_03,40.84,7.72,315.23,38.04,95.79,380,2023,LOC_B,700.38,31.32,2.33,1,0,1.1108108694705783,1.4492556767935287,0.9578990841999999
2026-08-03 15:00:00,PANEL_01,38.22,6.28,240.15,34.8,97.03,350,2024,LOC_A,624.65,31.93,2.52,0,1,0.9707657418875107,1.5897383829330853,0.9702990593999999
2026-08-03 15:00:00,PANEL_02,39.52,6.73,265.98,36.34,94.04,400,2025,LOC_A,624.65,31.93,2.52,0,0,1.040253782291323,1.5897383829330853,0.9403991192
2026-08-03 15:00:00,PANEL_03,38.58,6.55,252.75,34.12,94.06,380,2023,LOC_B,624.65,31.93,2.52,1,0,0.9900085838454894,1.5897383829330853,0.9405991187999999
2026-08-03 16:00:00,PANEL_01,35.84,4.68,167.77,32.02,95.87,350,2024,LOC_A,453.9,31.13,4.49,0,1,0.8435491756097628,1.4054987683238305,0.9586990825999999
2026-08-03 16:00:00,PANEL_02,35.71,5.32,189.91,33.64,94.96,400,2025,LOC_A,453.9,31.13,4.49,0,0,0.8366003715693815,1.4054987683238305,0.9495991007999999
2026-08-03 16:00:00,PANEL_03,36.86,4.94,182.11,31.54,95.85,380,2023,LOC_B,453.9,31.13,4.49,1,0,0.8980705611573689,1.4054987683238305,0.9584990829999999
2026-08-03 17:00:00,PANEL_01,33.17,2.66,88.09,26.86,97.25,350,2024,LOC_A,276.9,30.0,2.6,0,1,0.7008314310880874,1.1452603126882581,0.9724990549999999
2026-08-03 17:00:00,PANEL_02,32.98,2.82,92.85,28.28,89.68,400,2025,LOC_A,276.9,30.0,2.6,0,0,0.6906754867213761,1.1452603126882581,0.8967992064
2026-08-03 17:00:00,PANEL_03,33.43,2.75,91.82,29.46,93.36,380,2023,LOC_B,276.9,30.0,2.6,1,0,0.7147290391688497,1.1452603126882581,0.9335991327999998
2026-08-03 18:00:00,PANEL_01,29.39,0.0,0.0,24.22,0.0,350,2024,LOC_A,0.0,28.59,3.41,0,1,0.4987815905293109,0.8205379919394467,1e-06
2026-08-03 18:00:00,PANEL_02,30.52,0.17,5.14,23.54,100.0,400,2025,LOC_A,0.0,28.59,3.41,0,0,0.5591827333418552,0.8205379919394467,0.9999989999999999
2026-08-03 18:00:00,PANEL_03,30.54,0.0,0.0,23.83,0.0,380,2023,LOC_B,0.0,28.59,3.41,1,0,0.5602517801172984,0.8205379919394467,1e-06
2026-08-03 19:00:00,PANEL_01,0.0,0.0,0.0,18.44,0.0,350,2024,LOC_A,0.0,28.27,3.83,0,1,-1.0721826459845616,0.7468421460957446,1e-06
2026-08-03 19:00:00,PANEL_02,0.0,0.0,0.0,18.33,0.0,400,2025,LOC_A,0.0,28.27,3.83,0,0,-1.0721826459845616,0.7468421460957446,1e-06
2026-08-03 19:00:00,PANEL_03,0.0,0.0,0.0,17.21,0.0,380,2023,LOC_B,0.0,28.27,3.83,1,0,-1.0721826459845616,0.7468421460957446,1e-06
2026-08-03 20:00:00,PANEL_01,0.0,0.0,0.0,18.74,0.0,350,2024,LOC_A,0.0,27.21,3.52,0,1,-1.0721826459845616,0.5027246567384823,1e-06
2026-08-03 20:00:00,PANEL_02,0.0,0.0,0.0,18.69,0.0,400,2025,LOC_A,0.0,27.21,3.52,0,0,-1.0721826459845616,0.5027246567384823,1e-06
2026-08-03 20:00:00,PANEL_03,0.0,0.0,0.0,17.69,0.0,380,2023,LOC_B,0.0,27.21,3.52,1,0,-1.0721826459845616,0.5027246567384823,1e-06
2026-08-03 21:00:00,PANEL_01,0.0,0.0,0.0,18.2,0.0,350,2024,LOC_A,0.0,26.16,3.18,0,1,-1.0721826459845616,0.26091016256383526,1e-06
2026-08-03 21:00:00,PANEL_02,0.0,0.0,0.0,18.25,0.0,400,2025,LOC_A,0.0,26.16,3.18,0,0,-1.0721826459845616,0.26091016256383526,1e-06
2026-08-03 21:00:00,PANEL_03,0.0,0.0,0.0,18.13,0.0,380,2023,LOC_B,0.0,26.16,3.18,1,0,-1.0721826459845616,0.26091016256383526,1e-06
2026-08-03 22:00:00,PANEL_01,0.0,0.0,0.0,17.72,0.0,350,2024,LOC_A,0.0,25.62,4.25,0,1,-1.0721826459845616,0.1365484227025885,1e-06
2026-08-03 22:00:00,PANEL_02,0.0,0.0,0.0,17.66,0.0,400,2025,LOC_A,0.0,25.62,4.25,0,0,-1.0721826459845616,0.1365484227025885,1e-06
2026-08-03 22:00:00,PANEL_03,0.0,0.0,0.0,17.99,0.0,380,2023,LOC_B,0.0,25.62,4.25,1,0,-1.0721826459845616,0.1365484227025885,1e-06
2026-08-03 23:00:00,PANEL_01,0.0,0.0,0.0,18.59,0.0,350,2024,LOC_A,0.0,21.31,2.21,0,1,-1.0721826459845616,-0.8560425010047722,1e-06
2026-08-03 23:00:00,PANEL_02,0.0,0.0,0.0,18.27,0.0,400,2025,LOC_A,0.0,21.31,2.21,0,0,-1.0721826459845616,-0.8560425010047722,1e-06
2026-08-03 23:00:00,PANEL_03,0.0,0.0,0.0,17.81,0.0,380,2023,LOC_B,0.0,21.31,2.21,1,0,-1.0721826459845616,-0.8560425010047722,1e-06
2026-08-04 00:00:00,PANEL_01,0.0,0.0,0.0,18.39,0.0,350,2024,LOC_A,0.0,21.14,3.23,0,1,-1.0721826459845616,-0.8951934191092384,1e-06
2026-08-04 00:00:00,PANEL_02,0.0,0.0,0.0,16.58,0.0,400,2025,LOC_A,0.0,21.14,3.23,0,0,-1.0721826459845616,-0.8951934191092384,1e-06
2026-08-04 00:00:00,PANEL_03,0.0,0.0,0.0,18.57,0.0,380,2023,LOC_B,0.0,21.14,3.23,1,0,-1.0721826459845616,-0.8951934191092384,1e-06
2026-08-04 01:00:00,PANEL_01,0.0,0.0,0.0,17.13,0.0,350,2024,LOC_A,0.0,20.38,4.07,0,1,-1.0721826459845616,-1.0702210529880307,1e-06
2026-08-04 01:00:00,PANEL_02,0.0,0.0,0.0,17.82,0.0,400,2025,LOC_A,0.0,20.38,4.07,0,0,-1.0721826459845616,-1.0702210529880307,1e-06
2026-08-04 01:00:00,PANEL_03,0.0,0.0,0.0,17.44,0.0,380,2023,LOC_B,0.0,20.38,4.07,1,0,-1.0721826459845616,-1.0702210529880307,1e-06
2026-08-04 02:00:00,PANEL_01,0.0,0.0,0.0,17.35,0.0,350,2024,LOC_A,0.0,19.15,2.48,0,1,-1.0721826459845616,-1.3534894604497603,1e-06
2026-08-04 02:00:00,PANEL_02,0.0,0.0,0.0,18.58,0.0,400,2025,LOC_A,0.0,19.15,2.48,0,0,-1.0721826459845616,-1.3534894604497603,1e-06
2026-08-04 02:00:00,PANEL_03,0.0,0.0,0.0,17.77,0.0,380,2023,LOC_B,0.0,19.15,2.48,1,0,-1.0721826459845616,-1.3534894604497603,1e-06
2026-08-04 03:00:00,PANEL_01,0.0,0.0,0.0,18.17,0.0,350,2024,LOC_A,0.0,17.79,2.96,0,1,-1.0721826459845616,-1.6666968052854931,1e-06
2026-08-04 03:00:00,PANEL_02,0.0,0.0,0.0,17.98,0.0,400,2025,LOC_A,0.0,17.79,2.96,0,0,-1.0721826459845616,-1.6666968052854931,1e-06
2026-08-04 03:00:00,PANEL_03,0.0,0.0,0.0,18.24,0.0,380,2023,LOC_B,0.0,17.79,2.96,1,0,-1.0721826459845616,-1.6666968052854931,1e-06
2026-08-04 04:00:00,PANEL_01,0.0,0.0,0.0,18.04,0.0,350,2024,LOC_A,0.0,19.89,3.76,0,1,-1.0721826459845616,-1.183067816936199,1e-06
2026-08-04 04:00:00,PANEL_02,0.0,0.0,0.0,17.36,0.0,400,2025,LOC_A,0.0,19.89,3.76,0,0,-1.0721826459845616,-1.183067816936199,1e-06
2026-08-04 04:00:00,PANEL_03,0.0,0.0,0.0,18.5,0.0,380,2023,LOC_B,0.0,19.89,3.76,1,0,-1.0721826459845616,-1.183067816936199,1e-06
2026-08-04 05:00:00,PANEL_01,0.0,0.0,0.0,17.75,0.0,350,2024,LOC_A,0.0,18.81,3.71,0,1,-1.0721826459845616,-1.4317912966586934,1e-06
2026-08-04 05:00:00,PANEL_02,0.0,0.0,0.0,17.22,0.0,400,2025,LOC_A,0.0,18.81,3.71,0,0,-1.0721826459845616,-1.4317912966586934,1e-06
2026-08-04 05:00:00,PANEL_03,0.0,0.0,0.0,17.79,0.0,380,2023,LOC_B,0.0,18.81,3.71,1,0,-1.0721826459845616,-1.4317912966586934,1e-06
2026-08-04 06:00:00,PANEL_01,30.75,0.09,2.61,23.65,0.0,350,2024,LOC_A,11.56,20.05,3.68,0,1,0.5714767712594527,-1.146219894014348,1e-06
2026-08-04 06:00:00,PANEL_02,29.83,0.0,0.0,26.08,0.0,400,2025,LOC_A,11.56,20.05,3.68,0,0,0.5223006195890626,-1.146219894014348,1e-06
2026-08-04 06:00:00,PANEL_03,30.19,0.04,1.3,25.03,0.0,380,2023,LOC_B,11.56,20.05,3.68,1,0,0.5415434615470415,-1.146219894014348,1e-06
2026-08-04 07:00:00,PANEL_01,33.23,2.56,85.2,27.69,94.05,350,2024,LOC_A,221.74,21.09,3.93,0,1,0.704038571414417,-0.906708395022317,0.9404991189999998
2026-08-04 07:00:00,PANEL_02,33.07,2.97,98.23,28.61,94.88,400,2025,LOC_A,221.74,21.09,3.93,0,0,0.695486197210871,-0.906708395022317,0.9487991023999999
2026-08-04 07:00:00,PANEL_03,33.13,2.89,95.86,27.8,97.47,380,2023,LOC_B,221.74,21.09,3.93,1,0,0.698693337537201,-0.906708395022317,0.9746990505999998
2026-08-04 08:00:00,PANEL_01,36.04,4.41,159.05,32.42,90.88,350,2024,LOC_A,441.82,24.31,4.76,0,1,0.8542396433641952,-0.16514394622006676,0.9087991823999999
2026-08-04 08:00:00,PANEL_02,36.17,5.35,193.61,28.6,96.81,400,2025,LOC_A,441.82,24.31,4.76,0,0,0.8611884474045766,-0.16514394622006676,0.9680990637999999
2026-08-04 08:00:00,PANEL_03,37.04,4.86,179.98,32.61,94.73,380,2023,LOC_B,441.82,24.31,4.76,1,0,0.9076919821363584,-0.16514394622006676,0.9472991054
2026-08-04 09:00:00,PANEL_01,37.97,6.25,237.44,33.55,95.94,350,2024,LOC_A,559.71,24.25,4.12,0,1,0.9574026571944699,-0.17896191731576055,0.9593990811999998
2026-08-04 09:00:00,PANEL_02,38.17,7.23,276.01,34.42,97.58,400,2025,LOC_A,559.71,24.25,4.12,0,0,0.9680931249489028,-0.17896191731576055,0.9757990483999999
2026-08-04 09:00:00,PANEL_03,38.59,6.7,258.62,35.1,96.25,380,2023,LOC_B,559.71,24.25,4.12,1,0,0.9905431072332113,-0.17896191731576055,0.9624990749999999
2026-08-04 10:00:00,PANEL_01,40.47,7.15,289.43,39.39,95.49,350,2024,LOC_A,751.54,26.96,8.12,0,1,1.0910335041248775,0.44514977717309023,0.9548990901999999
2026-08-04 10:00:00,PANEL_02,40.36,8.17,329.9,38.04,95.23,400,2025,LOC_A,751.54,26.96,8.12,0,0,1.0851537468599397,0.44514977717309023,0.9522990953999999
2026-08-04 10:00:00,PANEL_03,40.95,7.75,317.5,37.63,96.48,380,2023,LOC_B,751.54,26.96,8.12,1,0,1.1166906267355161,0.44514977717309023,0.9647990703999999
2026-08-04 11:00:00,PANEL_01,41.02,7.99,327.87,37.34,96.98,350,2024,LOC_A,838.16,28.91,4.64,0,1,1.1204322904495676,0.8942338377831486,0.9697990604
2026-08-04 11:00:00,PANEL_02,41.74,8.72,363.9,38.42,94.19,400,2025,LOC_A,838.16,28.91,4.64,0,0,1.158917974365525,0.8942338377831486,0.9418991161999999
2026-08-04 11:00:00,PANEL_03,41.76,8.38,350.04,38.91,95.37,380,2023,LOC_B,838.16,28.91,4.64,1,0,1.159987021140968,0.8942338377831486,0.9536990926
2026-08-04 12:00:00,PANEL_01,42.81,7.81,334.44,38.76,95.55,350,2024,LOC_A,869.54,28.99,4.41,0,1,1.2161119768517394,0.9126577992440736,0.9554990889999999
2026-08-04 12:00:00,PANEL_02,42.48,9.06,385.05,37.77,96.26,400,2025,LOC_A,869.54,28.99,4.41,0,0,1.1984727050569253,0.9126577992440736,0.9625990748
2026-08-04 12:00:00,PANEL_03,42.3,8.6,363.97,38.7,95.78,380,2023,LOC_B,869.54,28.99,4.41,1,0,1.188851284077936,0.9126577992440736,0.9577990844
2026-08-04 13:00:00,PANEL_01,42.28,7.58,320.54,38.61,94.81,350,2024,LOC_A,797.85,30.01,2.92,0,1,1.1877822373024929,1.1475633078708742,0.9480991038
2026-08-04 13:00:00,PANEL_02,41.5,8.85,367.12,37.39,95.02,400,2025,LOC_A,797.85,30.01,2.92,0,0,1.1460894130602057,1.1475633078708742,0.9501990995999998
2026-08-04 13:00:00,PANEL_03,40.87,8.69,355.22,37.64,96.78,380,2023,LOC_B,797.85,30.01,2.92,1,0,1.1124144396337428,1.1475633078708742,0.9677990643999999
2026-08-04 14:00:00,PANEL_01,39.9,7.0,279.36,36.35,92.17,350,2024,LOC_A,738.58,32.65,1.26,0,1,1.0605656710247446,1.7555540360814144,0.9216991565999999
2026-08-04 14:00:00,PANEL_02,39.73,8.45,335.61,38.0,96.88,400,2025,LOC_A,738.58,32.65,1.26,0,0,1.051478773433477,1.7555540360814144,0.9687990623999998
2026-08-04 14:00:00,PANEL_03,40.05,8.03,321.66,37.97,97.74,380,2023,LOC_B,738.58,32.65,1.26,1,0,1.068583521840569,1.7555540360814144,0.9773990451999999
2026-08-04 15:00:00,PANEL_01,38.32,5.89,225.53,36.9,91.13,350,2024,LOC_A,621.63,29.71,2.93,0,1,0.9761109757647272,1.0784734523924036,0.9112991773999999
2026-08-04 15:00:00,PANEL_02,37.79,6.95,262.48,35.63,92.8,400,2025,LOC_A,621.63,29.71,2.93,0,0,0.9477812362154806,1.0784734523924036,0.9279991439999998
2026-08-04 15:00:00,PANEL_03,39.71,6.57,260.76,35.17,97.05,380,2023,LOC_B,621.63,29.71,2.93,1,0,1.050409726658034,1.0784734523924036,0.9704990589999999
2026-08-04 16:00:00,PANEL_01,36.3,4.67,169.35,32.26,96.77,350,2024,LOC_A,457.67,30.85,2.21,0,1,0.8681372514449576,1.3410149032105918,0.9676990645999999
2026-08-04 16:00:00,PANEL_02,36.14,5.27,190.38,31.44,95.19,400,2025,LOC_A,457.67,30.85,2.21,0,0,0.8595848772414116,1.3410149032105918,0.9518990961999999
2026-08-04 16:00:00,PANEL_03,35.62,5.04,179.5,29.81,94.47,380,2023,LOC_B,457.67,30.85,2.21,1,0,0.8317896610798867,1.3410149032105918,0.9446991105999999
2026-08-04 17:00:00,PANEL_01,33.06,2.5,82.79,26.78,91.39,350,2024,LOC_A,198.54,30.74,2.62,0,1,0.6949516738231495,1.3156819562018185,0.9138991721999999
2026-08-04 17:00:00,PANEL_02,33.2,3.1,102.97,28.8,99.46,400,2025,LOC_A,198.54,30.74,2.62,0,0,0.7024350012512524,1.3156819562018185,0.9945990107999998
2026-08-04 17:00:00,PANEL_03,32.32,2.79,90.24,28.82,91.75,380,2023,LOC_B,198.54,30.74,2.62,1,0,0.6553969431317487,1.3156819562018185,0.917499165
2026-08-04 18:00:00,PANEL_01,29.51,0.0,0.0,24.55,0.0,350,2024,LOC_A,6.49,29.28,2.72,0,1,0.5051958711819706,0.9794446595399292,1e-06
2026-08-04 18:00:00,PANEL_02,29.52,0.01,0.31,22.67,100.0,400,2025,LOC_A,6.49,29.28,2.72,0,0,0.505730394569692,0.9794446595399292,0.9999989999999999
2026-08-04 18:00:00,PANEL_03,29.7,0.03,0.95,22.41,100.0,380,2023,LOC_B,6.49,29.28,2.72,1,0,0.5153518155486815,0.9794446595399292,0.9999989999999999
2026-08-04 19:00:00,PANEL_01,0.0,0.0,0.0,18.22,0.0,350,2024,LOC_A,0.0,29.72,4.26,0,1,-1.0721826459845616,1.0807764475750188,1e-06
2026-08-04 19:00:00,PANEL_02,0.0,0.0,0.0,17.99,0.0,400,2025,LOC_A,0.0,29.72,4.26,0,0,-1.0721826459845616,1.0807764475750188,1e-06
2026-08-04 19:00:00,PANEL_03,0.0,0.0,0.0,18.28,0.0,380,2023,LOC_B,0.0,29.72,4.26,1,0,-1.0721826459845616,1.0807764475750188,1e-06
2026-08-04 20:00:00,PANEL_01,0.0,0.0,0.0,18.11,0.0,350,2024,LOC_A,0.0,24.93,3.72,0,1,-1.0721826459845616,-0.02235824489789406,1e-06
2026-08-04 20:00:00,PANEL_02,0.0,0.0,0.0,18.68,0.0,400,2025,LOC_A,0.0,24.93,3.72,0,0,-1.0721826459845616,-0.02235824489789406,1e-06
2026-08-04 20:00:00,PANEL_03,0.0,0.0,0.0,18.06,0.0,380,2023,LOC_B,0.0,24.93,3.72,1,0,-1.0721826459845616,-0.02235824489789406,1e-06
2026-08-04 21:00:00,PANEL_01,0.0,0.0,0.0,17.79,0.0,350,2024,LOC_A,0.0,24.47,4.52,0,1,-1.0721826459845616,-0.12829602329821577,1e-06
2026-08-04 21:00:00,PANEL_02,0.0,0.0,0.0,18.06,0.0,400,2025,LOC_A,0.0,24.47,4.52,0,0,-1.0721826459845616,-0.12829602329821577,1e-06
2026-08-04 21:00:00,PANEL_03,0.0,0.0,0.0,18.27,0.0,380,2023,LOC_B,0.0,24.47,4.52,1,0,-1.0721826459845616,-0.12829602329821577,1e-06
2026-08-04 22:00:00,PANEL_01,0.0,0.0,0.0,18.02,0.0,350,2024,LOC_A,0.0,22.81,3.36,0,1,-1.0721826459845616,-0.5105932236124194,1e-06
2026-08-04 22:00:00,PANEL_02,0.0,0.0,0.0,18.02,0.0,400,2025,LOC_A,0.0,22.81,3.36,0,0,-1.0721826459845616,-0.5105932236124194,1e-06
2026-08-04 22:00:00,PANEL_03,0.0,0.0,0.0,17.65,0.0,380,2023,LOC_B,0.0,22.81,3.36,1,0,-1.0721826459845616,-0.5105932236124194,1e-06
2026-08-04 23:00:00,PANEL_01,0.0,0.0,0.0,17.67,0.0,350,2024,LOC_A,0.0,22.4,4.54,0,1,-1.0721826459845616,-0.6050160260996625,1e-06
2026-08-04 23:00:00,PANEL_02,0.0,0.0,0.0,17.3,0.0,400,2025,LOC_A,0.0,22.4,4.54,0,0,-1.0721826459845616,-0.6050160260996625,1e-06
2026-08-04 23:00:00,PANEL_03,0.0,0.0,0.0,18.87,0.0,380,2023,LOC_B,0.0,22.4,4.54,1,0,-1.0721826459845616,-0.6050160260996625,1e-06
2026-08-05 00:00:00,PANEL_01,0.0,0.0,0.0,17.38,0.0,350,2024,LOC_A,0.0,19.8,3.1,0,1,-1.0721826459845616,-1.20379477357974,1e-06
2026-08-05 00:00:00,PANEL_02,0.0,0.0,0.0,17.65,0.0,400,2025,LOC_A,0.0,19.8,3.1,0,0,-1.0721826459845616,-1.20379477357974,1e-06
2026-08-05 00:00:00,PANEL_03,0.0,0.0,0.0,17.64,0.0,380,2023,LOC_B,0.0,19.8,3.1,1,0,-1.0721826459845616,-1.20379477357974,1e-06
2026-08-05 01:00:00,PANEL_01,0.0,0.0,0.0,18.45,0.0,350,2024,LOC_A,0.0,19.42,2.72,0,1,-1.0721826459845616,-1.291308590519136,1e-06
2026-08-05 01:00:00,PANEL_02,0.0,0.0,0.0,17.85,0.0,400,2025,LOC_A,0.0,19.42,2.72,0,0,-1.0721826459845616,-1.291308590519136,1e-06
2026-08-05 01:00:00,PANEL_03,0.0,0.0,0.0,18.62,0.0,380,2023,LOC_B,0.0,19.42,2.72,1,0,-1.0721826459845616,-1.291308590519136,1e-06
2026-08-05 02:00:00,PANEL_01,0.0,0.0,0.0,17.66,0.0,350,2024,LOC_A,0.0,20.62,3.99,0,1,-1.0721826459845616,-1.0149491686052539,1e-06
2026-08-05 02:00:00,PANEL_02,0.0,0.0,0.0,18.14,0.0,400,2025,LOC_A,0.0,20.62,3.99,0,0,-1.0721826459845616,-1.0149491686052539,1e-06
2026-08-05 02:00:00,PANEL_03,0.0,0.0,0.0,17.58,0.0,380,2023,LOC_B,0.0,20.62,3.99,1,0,-1.0721826459845616,-1.0149491686052539,1e-06
2026-08-05 03:00:00,PANEL_01,0.0,0.0,0.0,19.07,0.0,350,2024,LOC_A,0.0,17.99,4.6,0,1,-1.0721826459845616,-1.6206369016331796,1e-06
2026-08-05 03:00:00,PANEL_02,0.0,0.0,0.0,17.41,0.0,400,2025,LOC_A,0.0,17.99,4.6,0,0,-1.0721826459845616,-1.6206369016331796,1e-06
2026-08-05 03:00:00,PANEL_03,0.0,0.0,0.0,18.15,0.0,380,2023,LOC_B,0.0,17.99,4.6,1,0,-1.0721826459845616,-1.6206369016331796,1e-06
2026-08-05 04:00:00,PANEL_01,0.0,0.0,0.0,18.32,0.0,350,2024,LOC_A,0.0,20.9,4.74,0,1,-1.0721826459845616,-0.9504653034920153,1e-06
2026-08-05 04:00:00,PANEL_02,0.0,0.0,0.0,18.21,0.0,400,2025,LOC_A,0.0,20.9,4.74,0,0,-1.0721826459845616,-0.9504653034920153,1e-06
2026-08-05 04:00:00,PANEL_03,0.0,0.0,0.0,17.91,0.0,380,2023,LOC_B,0.0,20.9,4.74,1,0,-1.0721826459845616,-0.9504653034920153,1e-06
2026-08-05 05:00:00,PANEL_01,0.0,0.0,0.0,17.94,0.0,350,2024,LOC_A,0.0,18.59,2.92,0,1,-1.0721826459845616,-1.4824571906762383,1e-06
2026-08-05 05:00:00,PANEL_02,0.0,0.0,0.0,18.02,0.0,400,2025,LOC_A,0.0,18.59,2.92,0,0,-1.0721826459845616,-1.4824571906762383,1e-06
2026-08-05 05:00:00,PANEL_03,0.0,0.0,0.0,17.93,0.0,380,2023,LOC_B,0.0,18.59,2.92,1,0,-1.0721826459845616,-1.4824571906762383,1e-06
2026-08-05 06:00:00,PANEL_01,30.48,0.22,6.74,23.44,0.0,350,2024,LOC_A,38.01,20.19,4.03,0,1,0.5570446397909686,-1.1139779614577283,1e-06
2026-08-05 06:00:00,PANEL_02,29.32,0.0,0.0,26.58,0.0,400,2025,LOC_A,38.01,20.19,4.03,0,0,0.49503992681525955,-1.1139779614577283,1e-06
2026-08-05 06:00:00,PANEL_03,29.6,0.16,4.85,25.68,0.0,380,2023,LOC_B,38.01,20.19,4.03,1,0,0.5100065816714653,-1.1139779614577283,1e-06
2026-08-05 07:00:00,PANEL_01,32.83,2.68,87.93,29.51,97.06,350,2024,LOC_A,243.24,21.26,3.43,0,1,0.6826576359055517,-0.86755747691785,0.9705990588
2026-08-05 07:00:00,PANEL_02,32.92,2.97,97.68,27.3,94.35,400,2025,LOC_A,243.24,21.26,3.43,0,0,0.6874683463950466,-0.86755747691785,0.9434991129999999
2026-08-05 07:00:00,PANEL_03,32.6,2.8,91.32,26.66,92.85,380,2023,LOC_B,243.24,21.26,3.43,1,0,0.6703635979879544,-0.86755747691785,0.9284991429999998
2026-08-05 08:00:00,PANEL_01,36.02,4.54,163.48,31.73,93.42,350,2024,LOC_A,327.76,22.63,3.2,0,1,0.8531705965887522,-0.5520471368995017,0.9341991315999999
2026-08-05 08:00:00,PANEL_02,35.22,5.43,191.17,32.33,95.58,400,2025,LOC_A,327.76,22.63,3.2,0,0,0.8104087255710215,-0.5520471368995017,0.9557990883999998
2026-08-05 08:00:00,PANEL_03,35.0,5.19,181.81,32.73,95.69,380,2023,LOC_B,327.76,22.63,3.2,1,0,0.7986492110411457,-0.5520471368995017,0.9568990861999999
2026-08-05 09:00:00,PANEL_01,37.88,6.37,241.45,35.03,97.56,350,2024,LOC_A,563.61,26.31,1.78,0,1,0.9525919467049755,0.2954550903030702,0.9755990487999999
2026-08-05 09:00:00,PANEL_02,38.13,7.04,268.49,35.16,94.92,400,2025,LOC_A,563.61,26.31,1.78,0,0,0.9659550313980163,0.2954550903030702,0.9491991015999999
2026-08-05 09:00:00,PANEL_03,38.52,6.68,257.34,33.69,95.77,380,2023,LOC_B,563.61,26.31,1.78,1,0,0.9868014435191599,0.2954550903030702,0.9576990845999999
2026-08-05 10:00:00,PANEL_01,40.48,6.97,282.23,36.88,93.11,350,2024,LOC_A,722.92,26.66,5.23,0,1,1.0915680275125992,0.3760599216946195,0.9310991377999999
2026-08-05 10:00:00,PANEL_02,39.94,8.17,326.15,38.23,94.15,400,2025,LOC_A,722.92,26.66,5.23,0,0,1.0627037645756312,0.3760599216946195,0.941499117
2026-08-05 10:00:00,PANEL_03,40.94,7.7,315.13,35.9,95.76,380,2023,LOC_B,722.92,26.66,5.23,1,0,1.1161561033477942,0.3760599216946195,0.9575990848
2026-08-05 11:00:00,PANEL_01,41.43,7.87,326.2,38.63,96.49,350,2024,LOC_A,777.96,28.93,3.51,0,1,1.1423477493461542,0.8988398281483799,0.9648990701999999
2026-08-05 11:00:00,PANEL_02,42.75,8.63,368.73,38.68,95.44,400,2025,LOC_A,777.96,28.93,3.51,0,0,1.2129048365254096,0.8988398281483799,0.9543990911999999
2026-08-05 11:00:00,PANEL_03,41.44,8.43,349.25,38.34,95.15,380,2023,LOC_B,777.96,28.93,3.51,1,0,1.1428822727338757,0.8988398281483799,0.9514990969999999
2026-08-05 12:00:00,PANEL_01,42.35,7.95,336.55,38.21,96.16,350,2024,LOC_A,820.55,29.61,3.74,0,1,1.1915239010165444,1.0554435005662464,0.9615990767999999
2026-08-05 12:00:00,PANEL_02,41.33,9.01,372.41,39.51,93.1,400,2025,LOC_A,820.55,29.61,3.74,0,0,1.1370025154689378,1.0554435005662464,0.9309991379999999
2026-08-05 12:00:00,PANEL_03,41.45,8.49,352.08,39.39,92.65,380,2023,LOC_B,820.55,29.61,3.74,1,0,1.1434167961215977,1.0554435005662464,0.9264991469999999
2026-08-05 13:00:00,PANEL_01,42.84,7.5,321.14,39.33,94.99,350,2024,LOC_A,803.03,30.25,3.04,0,1,1.2177155470149044,1.2028351922536504,0.9498991001999998
2026-08-05 13:00:00,PANEL_02,41.63,8.81,366.64,39.41,94.89,400,2025,LOC_A,803.03,30.25,3.04,0,0,1.153038217100587,1.2028351922536504,0.9488991022
2026-08-05 13:00:00,PANEL_03,41.45,8.44,349.81,38.81,95.3,380,2023,LOC_B,803.03,30.25,3.04,1,0,1.1434167961215977,1.2028351922536504,0.9529990939999998
2026-08-05 14:00:00,PANEL_01,40.06,7.29,291.93,36.82,96.31,350,2024,LOC_A,739.53,31.33,5.4,0,1,1.069118045228291,1.451558671976144,0.9630990737999999
2026-08-05 14:00:00,PANEL_02,40.01,8.28,331.24,36.09,95.62,400,2025,LOC_A,739.53,31.33,5.4,0,0,1.0664454282896825,1.451558671976144,0.9561990875999999
2026-08-05 14:00:00,PANEL_03,40.41,7.74,312.6,38.08,94.99,380,2023,LOC_B,739.53,31.33,5.4,1,0,1.0878263637985477,1.451558671976144,0.9498991001999998
2026-08-05 15:00:00,PANEL_01,38.72,6.07,235.02,35.42,94.96,350,2024,LOC_A,563.91,32.71,1.16,0,1,0.9974919112735923,1.769372007177109,0.9495991007999999
2026-08-05 15:00:00,PANEL_02,39.18,6.91,270.89,34.62,95.77,400,2025,LOC_A,563.91,32.71,1.16,0,0,1.0220799871087873,1.769372007177109,0.9576990845999999
2026-08-05 15:00:00,PANEL_03,37.83,6.64,251.24,34.3,93.5,380,2023,LOC_B,563.91,32.71,1.16,1,0,0.9499193297663671,1.769372007177109,0.9349991299999999
2026-08-05 16:00:00,PANEL_01,35.7,4.64,165.58,31.56,94.62,350,2024,LOC_A,420.45,31.27,3.84,0,1,0.83606584818166,1.4377407008804501,0.9461991075999999
2026-08-05 16:00:00,PANEL_02,36.26,5.23,189.74,31.99,94.87,400,2025,LOC_A,420.45,31.27,3.84,0,0,0.8659991578940711,1.4377407008804501,0.9486991025999999
2026-08-05 16:00:00,PANEL_03,36.03,4.81,173.38,30.56,91.25,380,2023,LOC_B,420.45,31.27,3.84,1,0,0.8537051199764737,1.4377407008804501,0.9124991749999999
2026-08-05 17:00:00,PANEL_01,33.03,2.48,82.06,28.48,90.59,350,2024,LOC_A,201.32,30.03,2.91,0,1,0.6933481036599846,1.1521692982361056,0.9058991881999999
2026-08-05 17:00:00,PANEL_02,33.87,3.03,102.48,27.67,98.99,400,2025,LOC_A,201.32,30.03,2.91,0,0,0.7382480682286013,1.1521692982361056,0.9898990201999999
2026-08-05 17:00:00,PANEL_03,33.85,2.77,93.94,27.55,95.51,380,2023,LOC_B,201.32,30.03,2.91,1,0,0.7371790214531583,1.1521692982361056,0.9550990897999999
2026-08-05 18:00:00,PANEL_01,29.69,0.0,0.0,23.61,0.0,350,2024,LOC_A,0.0,29.92,3.93,0,1,0.51481729216096,1.1268363512273332,1e-06
2026-08-05 18:00:00,PANEL_02,30.09,0.02,0.48,24.0,100.0,400,2025,LOC_A,0.0,29.92,3.93,0,0,0.5361982276698251,1.1268363512273332,0.9999989999999999
2026-08-05 18:00:00,PANEL_03,30.22,0.12,3.6,24.95,100.0,380,2023,LOC_B,0.0,29.92,3.93,1,0,0.5431470317102062,1.1268363512273332,0.9999989999999999
2026-08-05 19:00:00,PANEL_01,0.0,0.0,0.0,17.26,0.0,350,2024,LOC_A,0.0,27.45,4.58,0,1,-1.0721826459845616,0.5579965411212584,1e-06
2026-08-05 19:00:00,PANEL_02,0.0,0.0,0.0,16.72,0.0,400,2025,LOC_A,0.0,27.45,4.58,0,0,-1.0721826459845616,0.5579965411212584,1e-06
2026-08-05 19:00:00,PANEL_03,0.0,0.0,0.0,18.47,0.0,380,2023,LOC_B,0.0,27.45,4.58,1,0,-1.0721826459845616,0.5579965411212584,1e-06
2026-08-05 20:00:00,PANEL_01,0.0,0.0,0.0,17.32,0.0,350,2024,LOC_A,0.0,26.8,4.48,0,1,-1.0721826459845616,0.4083018542512392,1e-06
2026-08-05 20:00:00,PANEL_02,0.0,0.0,0.0,17.89,0.0,400,2025,LOC_A,0.0,26.8,4.48,0,0,-1.0721826459845616,0.4083018542512392,1e-06
2026-08-05 20:00:00,PANEL_03,0.0,0.0,0.0,17.41,0.0,380,2023,LOC_B,0.0,26.8,4.48,1,0,-1.0721826459845616,0.4083018542512392,1e-06
2026-08-05 21:00:00,PANEL_01,0.0,0.0,0.0,17.1,0.0,350,2024,LOC_A,0.0,25.5,2.51,0,1,-1.0721826459845616,0.10891248051120005,1e-06
2026-08-05 21:00:00,PANEL_02,0.0,0.0,0.0,18.27,0.0,400,2025,LOC_A,0.0,25.5,2.51,0,0,-1.0721826459845616,0.10891248051120005,1e-06
2026-08-05 21:00:00,PANEL_03,0.0,0.0,0.0,18.38,0.0,380,2023,LOC_B,0.0,25.5,2.51,1,0,-1.0721826459845616,0.10891248051120005,1e-06
2026-08-05 22:00:00,PANEL_01,0.0,0.0,0.0,17.71,0.0,350,2024,LOC_A,0.0,23.0,4.4,0,1,-1.0721826459845616,-0.46683631514272117,1e-06
2026-08-05 22:00:00,PANEL_02,0.0,0.0,0.0,16.7,0.0,400,2025,LOC_A,0.0,23.0,4.4,0,0,-1.0721826459845616,-0.46683631514272117,1e-06
2026-08-05 22:00:00,PANEL_03,0.0,0.0,0.0,17.73,0.0,380,2023,LOC_B,0.0,23.0,4.4,1,0,-1.0721826459845616,-0.46683631514272117,1e-06
2026-08-05 23:00:00,PANEL_01,0.0,0.0,0.0,18.2,0.0,350,2024,LOC_A,0.0,22.49,3.47,0,1,-1.0721826459845616,-0.5842890694561215,1e-06
2026-08-05 23:00:00,PANEL_02,0.0,0.0,0.0,17.26,0.0,400,2025,LOC_A,0.0,22.49,3.47,0,0,-1.0721826459845616,-0.5842890694561215,1e-06
2026-08-05 23:00:00,PANEL_03,0.0,0.0,0.0,18.09,0.0,380,2023,LOC_B,0.0,22.49,3.47,1,0,-1.0721826459845616,-0.5842890694561215,1e-06
2026-08-06 00:00:00,PANEL_01,0.0,0.0,0.0,17.99,0.0,350,2024,LOC_A,0.0,20.85,5.03,0,1,-1.0721826459845616,-0.9619802794050931,1e-06
2026-08-06 00:00:00,PANEL_02,0.0,0.0,0.0,18.29,0.0,400,2025,LOC_A,0.0,20.85,5.03,0,0,-1.0721826459845616,-0.9619802794050931,1e-06
2026-08-06 00:00:00,PANEL_03,0.0,0.0,0.0,18.06,0.0,380,2023,LOC_B,0.0,20.85,5.03,1,0,-1.0721826459845616,-0.9619802794050931,1e-06
2026-08-06 01:00:00,PANEL_01,0.0,0.0,0.0,17.51,0.0,350,2024,LOC_A,0.0,19.33,4.16,0,1,-1.0721826459845616,-1.312035547162678,1e-06
2026-08-06 01:00:00,PANEL_02,0.0,0.0,0.0,18.6,0.0,400,2025,LOC_A,0.0,19.33,4.16,0,0,-1.0721826459845616,-1.312035547162678,1e-06
2026-08-06 01:00:00,PANEL_03,0.0,0.0,0.0,17.92,0.0,380,2023,LOC_B,0.0,19.33,4.16,1,0,-1.0721826459845616,-1.312035547162678,1e-06
2026-08-06 02:00:00,PANEL_01,0.0,0.0,0.0,17.99,0.0,350,2024,LOC_A,0.0,19.04,3.24,0,1,-1.0721826459845616,-1.3788224074585325,1e-06
2026-08-06 02:00:00,PANEL_02,0.0,0.0,0.0,17.53,0.0,400,2025,LOC_A,0.0,19.04,3.24,0,0,-1.0721826459845616,-1.3788224074585325,1e-06
2026-08-06 02:00:00,PANEL_03,0.0,0.0,0.0,17.78,0.0,380,2023,LOC_B,0.0,19.04,3.24,1,0,-1.0721826459845616,-1.3788224074585325,1e-06
2026-08-06 03:00:00,PANEL_01,0.0,0.0,0.0,17.56,0.0,350,2024,LOC_A,0.0,19.88,4.49,0,1,-1.0721826459845616,-1.1853708121188151,1e-06
2026-08-06 03:00:00,PANEL_02,0.0,0.0,0.0,17.91,0.0,400,2025,LOC_A,0.0,19.88,4.49,0,0,-1.0721826459845616,-1.1853708121188151,1e-06
2026-08-06 03:00:00,PANEL_03,0.0,0.0,0.0,18.86,0.0,380,2023,LOC_B,0.0,19.88,4.49,1,0,-1.0721826459845616,-1.1853708121188151,1e-06
2026-08-06 04:00:00,PANEL_01,0.0,0.0,0.0,17.31,0.0,350,2024,LOC_A,0.0,19.86,5.07,0,1,-1.0721826459845616,-1.1899768024840462,1e-06
2026-08-06 04:00:00,PANEL_02,0.0,0.0,0.0,17.19,0.0,400,2025,LOC_A,0.0,19.86,5.07,0,0,-1.0721826459845616,-1.1899768024840462,1e-06
2026-08-06 04:00:00,PANEL_03,0.0,0.0,0.0,18.74,0.0,380,2023,LOC_B,0.0,19.86,5.07,1,0,-1.0721826459845616,-1.1899768024840462,1e-06
2026-08-06 05:00:00,PANEL_01,0.0,0.0,0.0,17.9,0.0,350,2024,LOC_A,0.0,19.82,4.32,0,1,-1.0721826459845616,-1.199188783214509,1e-06
2026-08-06 05:00:00,PANEL_02,0.0,0.0,0.0,17.67,0.0,400,2025,LOC_A,0.0,19.82,4.32,0,0,-1.0721826459845616,-1.199188783214509,1e-06
2026-08-06 05:00:00,PANEL_03,0.0,0.0,0.0,18.52,0.0,380,2023,LOC_B,0.0,19.82,4.32,1,0,-1.0721826459845616,-1.199188783214509,1e-06
2026-08-06 06:00:00,PANEL_01,29.7,0.18,5.42,24.68,0.0,350,2024,LOC_A,0.0,21.02,3.34,0,1,0.5153518155486815,-0.9228293613006269,1e-06
2026-08-06 06:00:00,PANEL_02,29.76,0.22,6.42,23.39,0.0,400,2025,LOC_A,0.0,21.02,3.34,0,0,0.5185589558750113,-0.9228293613006269,1e-06
2026-08-06 06:00:00,PANEL_03,30.37,0.03,0.91,25.3,0.0,380,2023,LOC_B,0.0,21.02,3.34,1,0,0.5511648825260308,-0.9228293613006269,1e-06
2026-08-06 07:00:00,PANEL_01,33.89,2.54,86.17,27.13,95.12,350,2024,LOC_A,222.91,22.48,2.52,0,1,0.7393171150040447,-0.5865920646387367,0.9511990976
2026-08-06 07:00:00,PANEL_02,33.34,2.88,96.09,29.9,92.82,400,2025,LOC_A,222.91,22.48,2.52,0,0,0.7099183286793552,-0.5865920646387367,0.9281991435999998
2026-08-06 07:00:00,PANEL_03,33.17,2.78,92.22,28.07,93.77,380,2023,LOC_B,222.91,22.48,2.52,1,0,0.7008314310880874,-0.5865920646387367,0.9376991245999998
2026-08-06 08:00:00,PANEL_01,35.33,4.61,162.82,32.7,93.04,350,2024,LOC_A,487.77,22.64,2.04,0,1,0.8162884828359595,-0.5497441417168857,0.9303991392
2026-08-06 08:00:00,PANEL_02,35.67,5.22,186.27,32.04,93.13,400,2025,LOC_A,487.77,22.64,2.04,0,0,0.834462278018495,-0.5497441417168857,0.9312991373999998
2026-08-06 08:00:00,PANEL_03,36.59,5.0,183.13,32.5,96.38,380,2023,LOC_B,487.77,22.64,2.04,1,0,0.8836384296888852,-0.5497441417168857,0.9637990723999998
2026-08-06 09:00:00,PANEL_01,38.11,6.03,229.69,36.11,92.81,350,2024,LOC_A,635.78,25.63,4.25,0,1,0.9648859846225728,0.13885141788520372,0.9280991437999999
2026-08-06 09:00:00,PANEL_02,38.32,6.99,267.74,35.93,94.66,400,2025,LOC_A,635.78,25.63,4.25,0,0,0.9761109757647272,0.13885141788520372,0.9465991067999998
2026-08-06 09:00:00,PANEL_03,38.76,6.63,257.03,36.77,95.66,380,2023,LOC_B,635.78,25.63,4.25,1,0,0.9996300048244787,0.13885141788520372,0.9565990867999998
2026-08-06 10:00:00,PANEL_01,40.07,7.28,291.67,37.05,96.23,350,2024,LOC_A,754.97,26.54,2.42,0,1,1.0696525686160125,0.34842397950323106,0.9622990753999999
2026-08-06 10:00:00,PANEL_02,40.53,8.27,335.28,37.5,96.79,400,2025,LOC_A,754.97,26.54,2.42,0,0,1.0942406444512076,0.34842397950323106,0.9678990641999999
2026-08-06 10:00:00,PANEL_03,40.66,7.8,317.0,36.63,96.33,380,2023,LOC_B,754.97,26.54,2.42,1,0,1.1011894484915885,0.34842397950323106,0.9632990733999999
2026-08-06 11:00:00,PANEL_01,41.17,7.7,316.87,36.52,93.73,350,2024,LOC_A,823.31,27.46,4.67,0,1,1.128450141265392,0.5602995363038744,0.9372991253999999
2026-08-06 11:00:00,PANEL_02,42.62,8.5,362.35,38.27,93.78,400,2025,LOC_A,823.31,27.46,4.67,0,0,1.2059560324850283,0.5602995363038744,0.9377991243999999
2026-08-06 11:00:00,PANEL_03,41.45,8.44,349.97,39.3,95.35,380,2023,LOC_B,823.31,27.46,4.67,1,0,1.1434167961215977,0.5602995363038744,0.9534990929999998
2026-08-06 12:00:00,PANEL_01,42.43,7.78,330.03,38.83,94.29,350,2024,LOC_A,845.59,28.58,3.11,0,1,1.1958000881183173,0.8182349967568305,0.9428991141999999
2026-08-06 12:00:00,PANEL_02,42.14,8.99,378.95,40.61,94.74,400,2025,LOC_A,845.59,28.58,3.11,0,0,1.1802989098743901,0.8182349967568305,0.9473991051999998
2026-08-06 12:00:00,PANEL_03,42.25,8.62,364.1,39.66,95.82,380,2023,LOC_B,845.59,28.58,3.11,1,0,1.186178667139328,0.8182349967568305,0.9581990835999998
2026-08-06 13:00:00,PANEL_01,42.18,7.63,321.93,37.19,95.23,350,2024,LOC_A,833.42,29.75,2.51,0,1,1.1824370034252765,1.087685433122866,0.9522990953999999
2026-08-06 13:00:00,PANEL_02,41.79,8.72,364.33,37.96,94.3,400,2025,LOC_A,833.42,29.75,2.51,0,0,1.161590591304133,1.087685433122866,0.9429991139999999
2026-08-06 13:00:00,PANEL_03,41.88,8.45,353.89,38.51,96.41,380,2023,LOC_B,833.42,29.75,2.51,1,0,1.1664013017936277,1.087685433122866,0.9640990717999999
2026-08-06 14:00:00,PANEL_01,40.55,7.27,294.86,37.23,97.28,350,2024,LOC_A,743.43,30.99,2.89,0,1,1.0953096912266507,1.3732568357672106,0.9727990543999999
2026-08-06 14:00:00,PANEL_02,41.69,7.95,331.45,35.23,95.68,400,2025,LOC_A,743.43,30.99,2.89,0,0,1.1562453574269165,1.3732568357672106,0.9567990864
2026-08-06 14:00:00,PANEL_03,40.77,7.71,314.19,38.28,95.47,380,2023,LOC_B,743.43,30.99,2.89,1,0,1.1070692057565268,1.3732568357672106,0.9546990905999999
2026-08-06 15:00:00,PANEL_01,38.82,6.04,234.58,33.38,94.78,350,2024,LOC_A,586.91,31.19,1.76,0,1,1.0028371451508087,1.419316739419525,0.9477991043999999
2026-08-06 15:00:00,PANEL_02,38.38,6.92,265.44,34.03,93.85,400,2025,LOC_A,586.91,31.19,1.76,0,0,0.979318116091057,1.419316739419525,0.9384991229999998
2026-08-06 15:00:00,PANEL_03,38.78,6.75,261.74,35.0,97.41,380,2023,LOC_B,586.91,31.19,1.76,1,0,1.0006990515999221,1.419316739419525,0.9740990517999999
2026-08-06 16:00:00,PANEL_01,35.4,4.74,167.82,32.7,95.9,350,2024,LOC_A,382.78,30.22,3.24,0,1,0.8200301465500108,1.195926206705803,0.958999082
2026-08-06 16:00:00,PANEL_02,35.7,5.31,189.52,31.51,94.76,400,2025,LOC_A,382.78,30.22,3.24,0,0,0.83606584818166,1.195926206705803,0.9475991048
2026-08-06 16:00:00,PANEL_03,35.61,5.13,182.81,31.38,96.21,380,2023,LOC_B,382.78,30.22,3.24,1,0,0.8312551376921652,1.195926206705803,0.9620990757999999
2026-08-06 17:00:00,PANEL_01,33.32,2.49,83.1,27.44,91.74,350,2024,LOC_A,229.32,31.38,4.53,0,1,0.7088492819039118,1.4630736478892226,0.9173991651999999
2026-08-06 17:00:00,PANEL_02,33.47,2.9,97.1,29.61,93.79,400,2025,LOC_A,229.32,31.38,4.53,0,0,0.7168671327197361,1.4630736478892226,0.9378991242
2026-08-06 17:00:00,PANEL_03,32.91,2.86,94.17,28.81,95.75,380,2023,LOC_B,229.32,31.38,4.53,1,0,0.6869338230073248,1.4630736478892226,0.9574990849999999
2026-08-06 18:00:00,PANEL_01,29.29,0.0,0.0,22.47,0.0,350,2024,LOC_A,0.0,29.23,2.3,0,1,0.49343635665209457,0.9679296836268506,1e-06
2026-08-06 18:00:00,PANEL_02,30.63,0.0,0.0,26.56,0.0,400,2025,LOC_A,0.0,29.23,2.3,0,0,0.565062490606793,0.9679296836268506,1e-06
2026-08-06 18:00:00,PANEL_03,29.72,0.02,0.55,25.54,100.0,380,2023,LOC_B,0.0,29.23,2.3,1,0,0.5164208623241247,0.9679296836268506,0.9999989999999999
2026-08-06 19:00:00,PANEL_01,0.0,0.0,0.0,19.0,0.0,350,2024,LOC_A,0.0,27.99,3.15,0,1,-1.0721826459845616,0.6823582809825052,1e-06
2026-08-06 19:00:00,PANEL_02,0.0,0.0,0.0,19.03,0.0,400,2025,LOC_A,0.0,27.99,3.15,0,0,-1.0721826459845616,0.6823582809825052,1e-06
2026-08-06 19:00:00,PANEL_03,0.0,0.0,0.0,18.6,0.0,380,2023,LOC_B,0.0,27.99,3.15,1,0,-1.0721826459845616,0.6823582809825052,1e-06
2026-08-06 20:00:00,PANEL_01,0.0,0.0,0.0,18.51,0.0,350,2024,LOC_A,0.0,26.81,2.51,0,1,-1.0721826459845616,0.41060484943385445,1e-06
2026-08-06 20:00:00,PANEL_02,0.0,0.0,0.0,18.3,0.0,400,2025,LOC_A,0.0,26.81,2.51,0,0,-1.0721826459845616,0.41060484943385445,1e-06
2026-08-06 20:00:00,PANEL_03,0.0,0.0,0.0,18.39,0.0,380,2023,LOC_B,0.0,26.81,2.51,1,0,-1.0721826459845616,0.41060484943385445,1e-06
2026-08-06 21:00:00,PANEL_01,0.0,0.0,0.0,17.72,0.0,350,2024,LOC_A,0.0,25.42,5.34,0,1,-1.0721826459845616,0.09048851905027495,1e-06
2026-08-06 21:00:00,PANEL_02,0.0,0.0,0.0,17.59,0.0,400,2025,LOC_A,0.0,25.42,5.34,0,0,-1.0721826459845616,0.09048851905027495,1e-06
2026-08-06 21:00:00,PANEL_03,0.0,0.0,0.0,18.0,0.0,380,2023,LOC_B,0.0,25.42,5.34,1,0,-1.0721826459845616,0.09048851905027495,1e-06
2026-08-06 22:00:00,PANEL_01,0.0,0.0,0.0,17.91,0.0,350,2024,LOC_A,0.0,23.36,3.98,0,1,-1.0721826459845616,-0.38392848856855666,1e-06
2026-08-06 22:00:00,PANEL_02,0.0,0.0,0.0,17.77,0.0,400,2025,LOC_A,0.0,23.36,3.98,0,0,-1.0721826459845616,-0.38392848856855666,1e-06
2026-08-06 22:00:00,PANEL_03,0.0,0.0,0.0,18.35,0.0,380,2023,LOC_B,0.0,23.36,3.98,1,0,-1.0721826459845616,-0.38392848856855666,1e-06
2026-08-06 23:00:00,PANEL_01,0.0,0.0,0.0,18.48,0.0,350,2024,LOC_A,0.0,22.55,3.02,0,1,-1.0721826459845616,-0.5704710983604269,1e-06
2026-08-06 23:00:00,PANEL_02,0.0,0.0,0.0,18.04,0.0,400,2025,LOC_A,0.0,22.55,3.02,0,0,-1.0721826459845616,-0.5704710983604269,1e-06
2026-08-06 23:00:00,PANEL_03,0.0,0.0,0.0,18.74,0.0,380,2023,LOC_B,0.0,22.55,3.02,1,0,-1.0721826459845616,-0.5704710983604269,1e-06
2026-08-07 00:00:00,PANEL_01,0.0,0.0,0.0,17.43,0.0,350,2024,LOC_A,0.0,20.94,3.52,0,1,-1.0721826459845616,-0.9412533227615519,1e-06
2026-08-07 00:00:00,PANEL_02,0.0,0.0,0.0,17.9,0.0,400,2025,LOC_A,0.0,20.94,3.52,0,0,-1.0721826459845616,-0.9412533227615519,1e-06
2026-08-07 00:00:00,PANEL_03,0.0,0.0,0.0,17.64,0.0,380,2023,LOC_B,0.0,20.94,3.52,1,0,-1.0721826459845616,-0.9412533227615519,1e-06
2026-08-07 01:00:00,PANEL_01,0.0,0.0,0.0,17.07,0.0,350,2024,LOC_A,0.0,19.88,2.57,0,1,-1.0721826459845616,-1.1853708121188151,1e-06
2026-08-07 01:00:00,PANEL_02,0.0,0.0,0.0,17.96,0.0,400,2025,LOC_A,0.0,19.88,2.57,0,0,-1.0721826459845616,-1.1853708121188151,1e-06
2026-08-07 01:00:00,PANEL_03,0.0,0.0,0.0,17.94,0.0,380,2023,LOC_B,0.0,19.88,2.57,1,0,-1.0721826459845616,-1.1853708121188151,1e-06
2026-08-07 02:00:00,PANEL_01,0.0,0.0,0.0,18.76,0.0,350,2024,LOC_A,0.0,19.22,4.1,0,1,-1.0721826459845616,-1.3373684941714503,1e-06
2026-08-07 02:00:00,PANEL_02,0.0,0.0,0.0,18.32,0.0,400,2025,LOC_A,0.0,19.22,4.1,0,0,-1.0721826459845616,-1.3373684941714503,1e-06
2026-08-07 02:00:00,PANEL_03,0.0,0.0,0.0,17.49,0.0,380,2023,LOC_B,0.0,19.22,4.1,1,0,-1.0721826459845616,-1.3373684941714503,1e-06
2026-08-07 03:00:00,PANEL_01,0.0,0.0,0.0,18.93,0.0,350,2024,LOC_A,0.0,20.16,4.65,0,1,-1.0721826459845616,-1.1208869470055756,1e-06
2026-08-07 03:00:00,PANEL_02,0.0,0.0,0.0,18.61,0.0,400,2025,LOC_A,0.0,20.16,4.65,0,0,-1.0721826459845616,-1.1208869470055756,1e-06
2026-08-07 03:00:00,PANEL_03,0.0,0.0,0.0,18.29,0.0,380,2023,LOC_B,0.0,20.16,4.65,1,0,-1.0721826459845616,-1.1208869470055756,1e-06
2026-08-07 04:00:00,PANEL_01,0.0,0.0,0.0,17.89,0.0,350,2024,LOC_A,0.0,20.93,2.58,0,1,-1.0721826459845616,-0.9435563179441679,1e-06
2026-08-07 04:00:00,PANEL_02,0.0,0.0,0.0,17.52,0.0,400,2025,LOC_A,0.0,20.93,2.58,0,0,-1.0721826459845616,-0.9435563179441679,1e-06
2026-08-07 04:00:00,PANEL_03,0.0,0.0,0.0,17.81,0.0,380,2023,LOC_B,0.0,20.93,2.58,1,0,-1.0721826459845616,-0.9435563179441679,1e-06
2026-08-07 05:00:00,PANEL_01,0.0,0.0,0.0,18.54,0.0,350,2024,LOC_A,0.0,20.5,3.72,0,1,-1.0721826459845616,-1.0425851107966424,1e-06
2026-08-07 05:00:00,PANEL_02,0.0,0.0,0.0,18.94,0.0,400,2025,LOC_A,0.0,20.5,3.72,0,0,-1.0721826459845616,-1.0425851107966424,1e-06
2026-08-07 05:00:00,PANEL_03,0.0,0.0,0.0,18.77,0.0,380,2023,LOC_B,0.0,20.5,3.72,1,0,-1.0721826459845616,-1.0425851107966424,1e-06
2026-08-07 06:00:00,PANEL_01,29.76,0.0,0.0,24.14,0.0,350,2024,LOC_A,65.69,20.11,2.49,0,1,0.5185589558750113,-1.1324019229186542,1e-06
2026-08-07 06:00:00,PANEL_02,29.12,0.03,0.94,23.85,0.0,400,2025,LOC_A,65.69,20.11,2.49,0,0,0.48434945906082694,-1.1324019229186542,1e-06
2026-08-07 06:00:00,PANEL_03,29.77,0.0,0.0,24.51,0.0,380,2023,LOC_B,65.69,20.11,2.49,1,0,0.5190934792627329,-1.1324019229186542,1e-06
2026-08-07 07:00:00,PANEL_01,32.84,2.5,82.22,25.01,90.76,350,2024,LOC_A,202.01,20.3,2.87,0,1,0.6831921592932737,-1.088645014448956,0.9075991847999999
2026-08-07 07:00:00,PANEL_02,33.09,3.15,104.22,29.54,100.0,400,2025,LOC_A,202.01,20.3,2.87,0,0,0.6965552439863144,-1.088645014448956,0.9999989999999999
2026-08-07 07:00:00,PANEL_03,32.88,2.78,91.45,28.35,92.99,380,2023,LOC_B,202.01,20.3,2.87,1,0,0.6853302528441602,-1.088645014448956,0.9298991401999999
2026-08-07 08:00:00,PANEL_01,35.5,4.71,167.32,32.27,95.61,350,2024,LOC_A,402.23,23.57,3.91,0,1,0.8253753804272272,-0.33556558973362705,0.9560990877999999
2026-08-07 08:00:00,PANEL_02,36.61,5.18,189.63,31.3,94.82,400,2025,LOC_A,402.23,23.57,3.91,0,0,0.8847074764643282,-0.33556558973362705,0.9481991035999998
2026-08-07 08:00:00,PANEL_03,35.56,4.99,177.56,31.27,93.45,380,2023,LOC_B,402.23,23.57,3.91,1,0,0.8285825207535572,-0.33556558973362705,0.9344991309999999
2026-08-07 09:00:00,PANEL_01,38.67,6.17,238.65,33.8,96.43,350,2024,LOC_A,657.33,25.76,2.81,0,1,0.9948192943349843,0.1687903552592082,0.9642990713999999
2026-08-07 09:00:00,PANEL_02,39.23,6.82,267.64,34.59,94.62,400,2025,LOC_A,657.33,25.76,2.81,0,0,1.0247526040473953,0.1687903552592082,0.9461991075999999
2026-08-07 09:00:00,PANEL_03,38.11,6.46,246.03,35.49,91.56,380,2023,LOC_B,657.33,25.76,2.81,1,0,0.9648859846225728,0.1687903552592082,0.9155991687999999
2026-08-07 10:00:00,PANEL_01,40.76,7.04,286.81,37.06,94.62,350,2024,LOC_A,709.17,26.95,1.92,0,1,1.106534682368805,0.44284678199047417,0.9461991075999999
2026-08-07 10:00:00,PANEL_02,40.65,7.94,322.74,36.46,93.17,400,2025,LOC_A,709.17,26.95,1.92,0,0,1.1006549251038669,0.44284678199047417,0.9316991365999999
2026-08-07 10:00:00,PANEL_03,40.79,7.54,307.52,37.28,93.45,380,2023,LOC_B,709.17,26.95,1.92,1,0,1.1081382525319698,0.44284678199047417,0.9344991309999999
2026-08-07 11:00:00,PANEL_01,40.91,7.9,323.08,38.45,95.56,350,2024,LOC_A,875.98,28.94,2.94,0,1,1.1145525331846293,0.9011428233309959,0.9555990887999999
2026-08-07 11:00:00,PANEL_02,40.78,9.12,371.8,37.75,96.23,400,2025,LOC_A,875.98,28.94,2.94,0,0,1.1076037291442482,0.9011428233309959,0.9622990753999999
2026-08-07 11:00:00,PANEL_03,41.19,8.49,349.53,39.64,95.23,380,2023,LOC_B,875.98,28.94,2.94,1,0,1.129519188040835,0.9011428233309959,0.9522990953999999
2026-08-07 12:00:00,PANEL_01,41.49,8.02,332.76,39.43,95.07,350,2024,LOC_A,798.61,30.33,3.36,0,1,1.145554889672484,1.2212591537145754,0.9506990985999998
2026-08-07 12:00:00,PANEL_02,42.35,8.99,380.75,38.63,95.19,400,2025,LOC_A,798.61,30.33,3.36,0,0,1.1915239010165444,1.2212591537145754,0.9518990961999999
2026-08-07 12:00:00,PANEL_03,41.59,8.69,361.36,37.93,95.09,380,2023,LOC_B,798.61,30.33,3.36,1,0,1.1509001235497005,1.2212591537145754,0.9508990982
2026-08-07 13:00:00,PANEL_01,40.13,8.05,322.92,39.39,95.52,350,2024,LOC_A,858.17,28.92,2.78,0,1,1.0728597089423424,0.8965368329657647,0.9551990895999999
2026-08-07 13:00:00,PANEL_02,40.41,8.98,362.97,39.11,93.94,400,2025,LOC_A,858.17,28.92,2.78,0,0,1.0878263637985477,0.8965368329657647,0.9393991211999999
2026-08-07 13:00:00,PANEL_03,42.62,8.18,348.79,37.76,95.02,380,2023,LOC_B,858.17,28.92,2.78,1,0,1.2059560324850283,0.8965368329657647,0.9501990995999998
2026-08-07 14:00:00,PANEL_01,40.3,7.28,293.49,36.34,96.83,350,2024,LOC_A,736.28,30.83,2.96,0,1,1.0819466065336099,1.3364089128453596,0.9682990633999998
2026-08-07 14:00:00,PANEL_02,39.99,8.18,327.16,36.04,94.44,400,2025,LOC_A,736.28,30.83,2.96,0,0,1.0653763815142396,1.3364089128453596,0.9443991111999999
2026-08-07 14:00:00,PANEL_03,40.45,7.89,319.21,37.31,97.0,380,2023,LOC_B,736.28,30.83,2.96,1,0,1.0899644573494345,1.3364089128453596,0.9699990599999999
2026-08-07 15:00:00,PANEL_01,38.36,6.1,233.99,33.04,94.55,350,2024,LOC_A,619.73,30.15,3.33,0,1,0.9782490693156136,1.1798052404274932,0.9454991089999999
2026-08-07 15:00:00,PANEL_02,38.93,6.89,268.4,34.43,94.89,400,2025,LOC_A,619.73,30.15,3.33,0,0,1.0087169024157465,1.1798052404274932,0.9488991022
2026-08-07 15:00:00,PANEL_03,40.08,6.4,256.46,33.85,95.45,380,2023,LOC_B,619.73,30.15,3.33,1,0,1.070187092003734,1.1798052404274932,0.954499091
2026-08-07 16:00:00,PANEL_01,35.79,4.76,170.36,31.61,97.35,350,2024,LOC_A,428.61,31.21,4.35,0,1,0.8408765586711545,1.4239227297847563,0.9734990529999998
2026-08-07 16:00:00,PANEL_02,35.28,5.48,193.24,30.83,96.62,400,2025,LOC_A,428.61,31.21,4.35,0,0,0.8136158658973515,1.4239227297847563,0.9661990676
2026-08-07 16:00:00,PANEL_03,36.94,4.99,184.49,31.05,97.1,380,2023,LOC_B,428.61,31.21,4.35,1,0,0.902346748259142,1.4239227297847563,0.9709990579999999
2026-08-07 17:00:00,PANEL_01,33.75,2.56,86.29,28.74,95.25,350,2024,LOC_A,186.26,28.97,5.03,0,1,0.7318337875759419,0.9080518088788424,0.9524990949999999
2026-08-07 17:00:00,PANEL_02,33.35,2.86,95.53,27.24,92.27,400,2025,LOC_A,186.26,28.97,5.03,0,0,0.7104528520670768,0.9080518088788424,0.9226991545999998
2026-08-07 17:00:00,PANEL_03,33.62,2.75,92.31,27.48,93.86,380,2023,LOC_B,186.26,28.97,5.03,1,0,0.7248849835355605,0.9080518088788424,0.9385991227999999
2026-08-07 18:00:00,PANEL_01,29.52,0.04,1.25,26.06,100.0,350,2024,LOC_A,9.97,28.64,5.36,0,1,0.505730394569692,0.8320529678525252,0.9999989999999999
2026-08-07 18:00:00,PANEL_02,29.47,0.0,0.07,25.41,100.0,400,2025,LOC_A,9.97,28.64,5.36,0,0,0.503057777631084,0.8320529678525252,0.9999989999999999
2026-08-07 18:00:00,PANEL_03,29.96,0.05,1.36,22.94,100.0,380,2023,LOC_B,9.97,28.64,5.36,1,0,0.5292494236294439,0.8320529678525252,0.9999989999999999
2026-08-07 19:00:00,PANEL_01,0.0,0.0,0.0,18.21,0.0,350,2024,LOC_A,0.0,28.09,4.92,0,1,-1.0721826459845616,0.7053882328086624,1e-06
2026-08-07 19:00:00,PANEL_02,0.0,0.0,0.0,17.91,0.0,400,2025,LOC_A,0.0,28.09,4.92,0,0,-1.0721826459845616,0.7053882328086624,1e-06
2026-08-07 19:00:00,PANEL_03,0.0,0.0,0.0,18.49,0.0,380,2023,LOC_B,0.0,28.09,4.92,1,0,-1.0721826459845616,0.7053882328086624,1e-06
2026-08-07 20:00:00,PANEL_01,0.0,0.0,0.0,18.59,0.0,350,2024,LOC_A,0.0,26.61,5.97,0,1,-1.0721826459845616,0.36454494578154095,1e-06
2026-08-07 20:00:00,PANEL_02,0.0,0.0,0.0,19.29,0.0,400,2025,LOC_A,0.0,26.61,5.97,0,0,-1.0721826459845616,0.36454494578154095,1e-06
2026-08-07 20:00:00,PANEL_03,0.0,0.0,0.0,18.29,0.0,380,2023,LOC_B,0.0,26.61,5.97,1,0,-1.0721826459845616,0.36454494578154095,1e-06
2026-08-07 21:00:00,PANEL_01,0.0,0.0,0.0,18.16,0.0,350,2024,LOC_A,0.0,26.4,3.2,0,1,-1.0721826459845616,0.31618204694661134,1e-06
2026-08-07 21:00:00,PANEL_02,0.0,0.0,0.0,18.1,0.0,400,2025,LOC_A,0.0,26.4,3.2,0,0,-1.0721826459845616,0.31618204694661134,1e-06
2026-08-07 21:00:00,PANEL_03,0.0,0.0,0.0,17.82,0.0,380,2023,LOC_B,0.0,26.4,3.2,1,0,-1.0721826459845616,0.31618204694661134,1e-06
2026-08-07 22:00:00,PANEL_01,0.0,0.0,0.0,18.17,0.0,350,2024,LOC_A,0.0,24.22,4.27,0,1,-1.0721826459845616,-0.18587090286360788,1e-06
2026-08-07 22:00:00,PANEL_02,0.0,0.0,0.0,17.85,0.0,400,2025,LOC_A,0.0,24.22,4.27,0,0,-1.0721826459845616,-0.18587090286360788,1e-06
2026-08-07 22:00:00,PANEL_03,0.0,0.0,0.0,18.08,0.0,380,2023,LOC_B,0.0,24.22,4.27,1,0,-1.0721826459845616,-0.18587090286360788,1e-06
2026-08-07 23:00:00,PANEL_01,0.0,0.0,0.0,18.66,0.0,350,2024,LOC_A,0.0,23.09,2.34,0,1,-1.0721826459845616,-0.44610935849918004,1e-06
2026-08-07 23:00:00,PANEL_02,0.0,0.0,0.0,17.5,0.0,400,2025,LOC_A,0.0,23.09,2.34,0,0,-1.0721826459845616,-0.44610935849918004,1e-06
2026-08-07 23:00:00,PANEL_03,0.0,0.0,0.0,18.57,0.0,380,2023,LOC_B,0.0,23.09,2.34,1,0,-1.0721826459845616,-0.44610935849918004,1e-06
2026-08-08 00:00:00,PANEL_01,0.0,0.0,0.0,18.66,0.0,350,2024,LOC_A,0.0,21.31,4.77,0,1,-1.0721826459845616,-0.8560425010047722,1e-06
2026-08-08 00:00:00,PANEL_02,0.0,0.0,0.0,17.94,0.0,400,2025,LOC_A,0.0,21.31,4.77,0,0,-1.0721826459845616,-0.8560425010047722,1e-06
2026-08-08 00:00:00,PANEL_03,0.0,0.0,0.0,16.94,0.0,380,2023,LOC_B,0.0,21.31,4.77,1,0,-1.0721826459845616,-0.8560425010047722,1e-06
2026-08-08 01:00:00,PANEL_01,0.0,0.0,0.0,17.7,0.0,350,2024,LOC_A,0.0,18.4,2.08,0,1,-1.0721826459845616,-1.5262140991459365,1e-06
2026-08-08 01:00:00,PANEL_02,0.0,0.0,0.0,18.65,0.0,400,2025,LOC_A,0.0,18.4,2.08,0,0,-1.0721826459845616,-1.5262140991459365,1e-06
2026-08-08 01:00:00,PANEL_03,0.0,0.0,0.0,17.99,0.0,380,2023,LOC_B,0.0,18.4,2.08,1,0,-1.0721826459845616,-1.5262140991459365,1e-06
2026-08-08 02:00:00,PANEL_01,0.0,0.0,0.0,17.5,0.0,350,2024,LOC_A,0.0,17.57,3.18,0,1,-1.0721826459845616,-1.717362699303038,1e-06
2026-08-08 02:00:00,PANEL_02,0.0,0.0,0.0,17.75,0.0,400,2025,LOC_A,0.0,17.57,3.18,0,0,-1.0721826459845616,-1.717362699303038,1e-06
2026-08-08 02:00:00,PANEL_03,0.0,0.0,0.0,18.42,0.0,380,2023,LOC_B,0.0,17.57,3.18,1,0,-1.0721826459845616,-1.717362699303038,1e-06
2026-08-08 03:00:00,PANEL_01,0.0,0.0,0.0,18.27,0.0,350,2024,LOC_A,0.0,19.57,5.3,0,1,-1.0721826459845616,-1.256763662779901,1e-06
2026-08-08 03:00:00,PANEL_02,0.0,0.0,0.0,17.88,0.0,400,2025,LOC_A,0.0,19.57,5.3,0,0,-1.0721826459845616,-1.256763662779901,1e-06
2026-08-08 03:00:00,PANEL_03,0.0,0.0,0.0,17.82,0.0,380,2023,LOC_B,0.0,19.57,5.3,1,0,-1.0721826459845616,-1.256763662779901,1e-06
2026-08-08 04:00:00,PANEL_01,0.0,0.0,0.0,17.8,0.0,350,2024,LOC_A,0.0,19.26,5.45,0,1,-1.0721826459845616,-1.328156513440987,1e-06
2026-08-08 04:00:00,PANEL_02,0.0,0.0,0.0,17.54,0.0,400,2025,LOC_A,0.0,19.26,5.45,0,0,-1.0721826459845616,-1.328156513440987,1e-06
2026-08-08 04:00:00,PANEL_03,0.0,0.0,0.0,18.81,0.0,380,2023,LOC_B,0.0,19.26,5.45,1,0,-1.0721826459845616,-1.328156513440987,1e-06
2026-08-08 05:00:00,PANEL_01,0.0,0.0,0.0,17.84,0.0,350,2024,LOC_A,0.0,18.7,1.46,0,1,-1.0721826459845616,-1.4571242436674658,1e-06
2026-08-08 05:00:00,PANEL_02,0.0,0.0,0.0,18.61,0.0,400,2025,LOC_A,0.0,18.7,1.46,0,0,-1.0721826459845616,-1.4571242436674658,1e-06
2026-08-08 05:00:00,PANEL_03,0.0,0.0,0.0,18.76,0.0,380,2023,LOC_B,0.0,18.7,1.46,1,0,-1.0721826459845616,-1.4571242436674658,1e-06
2026-08-08 06:00:00,PANEL_01,30.5,0.0,0.0,24.4,0.0,350,2024,LOC_A,0.0,21.06,3.46,0,1,0.5581136865664119,-0.9136173805701643,1e-06
2026-08-08 06:00:00,PANEL_02,29.99,0.0,0.0,24.32,0.0,400,2025,LOC_A,0.0,21.06,3.46,0,0,0.5308529937926086,-0.9136173805701643,1e-06
2026-08-08 06:00:00,PANEL_03,29.41,0.12,3.49,23.54,0.0,380,2023,LOC_B,0.0,21.06,3.46,1,0,0.4998506373047542,-0.9136173805701643,1e-06
2026-08-08 07:00:00,PANEL_01,33.21,2.62,87.0,27.62,96.04,350,2024,LOC_A,157.97,21.93,1.93,0,1,0.7029695246389739,-0.7132567996825995,0.9603990792
2026-08-08 07:00:00,PANEL_02,33.4,2.9,96.77,28.75,93.47,400,2025,LOC_A,157.97,21.93,1.93,0,0,0.7131254690056847,-0.7132567996825995,0.9346991305999999
2026-08-08 07:00:00,PANEL_03,32.43,2.89,93.84,29.82,95.42,380,2023,LOC_B,157.97,21.93,1.93,1,0,0.6612767003966866,-0.7132567996825995,0.9541990915999999
2026-08-08 08:00:00,PANEL_01,35.5,4.62,163.84,32.01,93.63,350,2024,LOC_A,445.09,23.74,2.37,0,1,0.8253753804272272,-0.29641467162916085,0.9362991273999999
2026-08-08 08:00:00,PANEL_02,36.09,5.3,191.27,31.99,95.63,400,2025,LOC_A,445.09,23.74,2.37,0,0,0.8569122603028037,-0.29641467162916085,0.9562990873999998
2026-08-08 08:00:00,PANEL_03,36.32,5.08,184.53,31.91,97.12,380,2023,LOC_B,445.09,23.74,2.37,1,0,0.869206298220401,-0.29641467162916085,0.9711990575999999
2026-08-08 09:00:00,PANEL_01,38.36,6.2,237.69,36.51,96.04,350,2024,LOC_A,585.62,24.15,3.42,0,1,0.9782490693156136,-0.20199186914191775,0.9603990792
2026-08-08 09:00:00,PANEL_02,38.42,6.9,264.96,35.71,93.68,400,2025,LOC_A,585.62,24.15,3.42,0,0,0.9814562096419435,-0.20199186914191775,0.9367991264
2026-08-08 09:00:00,PANEL_03,38.43,6.43,246.92,35.45,91.89,380,2023,LOC_B,585.62,24.15,3.42,1,0,0.981990733029665,-0.20199186914191775,0.9188991621999999
2026-08-08 10:00:00,PANEL_01,40.12,7.17,287.59,37.32,94.88,350,2024,LOC_A,764.78,25.76,4.1,0,1,1.0723251855546205,0.1687903552592082,0.9487991023999999
2026-08-08 10:00:00,PANEL_02,40.49,8.2,331.96,36.55,95.83,400,2025,LOC_A,764.78,25.76,4.1,0,0,1.092102550900321,0.1687903552592082,0.9582990833999999
2026-08-08 10:00:00,PANEL_03,40.65,7.67,311.58,37.73,94.68,380,2023,LOC_B,764.78,25.76,4.1,1,0,1.1006549251038669,0.1687903552592082,0.9467991064
2026-08-08 11:00:00,PANEL_01,41.9,7.57,317.25,39.57,93.84,350,2024,LOC_A,805.13,27.37,3.37,0,1,1.1674703485690707,0.5395725796603333,0.9383991232
2026-08-08 11:00:00,PANEL_02,41.32,8.96,370.39,38.86,95.86,400,2025,LOC_A,805.13,27.37,3.37,0,0,1.1364679920812164,0.5395725796603333,0.9585990827999998
2026-08-08 11:00:00,PANEL_03,42.51,8.18,347.75,38.14,94.74,380,2023,LOC_B,805.13,27.37,3.37,1,0,1.2000762752200902,0.5395725796603333,0.9473991051999998
2026-08-08 12:00:00,PANEL_01,41.99,7.89,331.23,39.8,94.64,350,2024,LOC_A,818.94,28.8,2.06,0,1,1.1722810590585657,0.8689008907743762,0.9463991071999999
2026-08-08 12:00:00,PANEL_02,41.19,9.12,375.66,37.93,93.91,400,2025,LOC_A,818.94,28.8,2.06,0,0,1.129519188040835,0.8689008907743762,0.9390991217999999
2026-08-08 12:00:00,PANEL_03,42.48,8.67,368.27,38.9,96.91,380,2023,LOC_B,818.94,28.8,2.06,1,0,1.1984727050569253,0.8689008907743762,0.9690990617999998
2026-08-08 13:00:00,PANEL_01,41.51,7.74,321.46,39.65,95.09,350,2024,LOC_A,879.98,30.22,2.66,0,1,1.1466239364479272,1.195926206705803,0.9508990982
2026-08-08 13:00:00,PANEL_02,41.13,8.95,368.03,39.46,95.25,400,2025,LOC_A,879.98,30.22,2.66,0,0,1.1263120477145054,1.195926206705803,0.9524990949999999
2026-08-08 13:00:00,PANEL_03,41.84,8.35,349.49,39.49,95.22,380,2023,LOC_B,879.98,30.22,2.66,1,0,1.1642632082427413,1.195926206705803,0.9521990955999999
2026-08-08 14:00:00,PANEL_01,39.04,7.44,290.6,36.34,95.87,350,2024,LOC_A,742.54,30.71,3.23,0,1,1.0145966596806844,1.3087729706539721,0.9586990825999999
2026-08-08 14:00:00,PANEL_02,39.48,8.39,331.11,38.36,95.58,400,2025,LOC_A,742.54,30.71,3.23,0,0,1.0381156887404361,1.3087729706539721,0.9557990883999998
2026-08-08 14:00:00,PANEL_03,40.32,7.85,316.48,38.6,96.17,380,2023,LOC_B,742.54,30.71,3.23,1,0,1.0830156533090531,1.3087729706539721,0.9616990765999999
2026-08-08 15:00:00,PANEL_01,39.14,6.17,241.53,35.35,97.59,350,2024,LOC_A,619.47,31.61,2.86,0,1,1.0199418935579008,1.5160425370893833,0.9758990482
2026-08-08 15:00:00,PANEL_02,38.52,6.81,262.53,34.36,92.82,400,2025,LOC_A,619.47,31.61,2.86,0,0,0.9868014435191599,1.5160425370893833,0.9281991435999998
2026-08-08 15:00:00,PANEL_03,38.06,6.92,263.53,34.43,98.08,380,2023,LOC_B,619.47,31.61,2.86,1,0,0.9622133676839648,1.5160425370893833,0.9807990383999998
2026-08-08 16:00:00,PANEL_01,36.06,4.67,168.24,31.54,96.14,350,2024,LOC_A,407.73,30.58,0.74,0,1,0.8553086901396387,1.2788340332799675,0.9613990772
2026-08-08 16:00:00,PANEL_02,36.85,5.09,187.71,31.69,93.85,400,2025,LOC_A,407.73,30.58,0.74,0,0,0.8975360377696475,1.2788340332799675,0.9384991229999998
2026-08-08 16:00:00,PANEL_03,35.63,4.93,175.8,30.89,92.52,380,2023,LOC_B,407.73,30.58,0.74,1,0,0.8323241844676086,1.2788340332799675,0.9251991495999998
2026-08-08 17:00:00,PANEL_01,33.09,2.56,84.64,27.19,93.43,350,2024,LOC_A,174.54,31.29,5.47,0,1,0.6965552439863144,1.4423466912456813,0.9342991314
2026-08-08 17:00:00,PANEL_02,32.4,3.03,98.08,26.38,94.74,400,2025,LOC_A,174.54,31.29,5.47,0,0,0.6596731302335217,1.4423466912456813,0.9473991051999998
2026-08-08 17:00:00,PANEL_03,33.49,2.8,93.71,26.42,95.28,380,2023,LOC_B,174.54,31.29,5.47,1,0,0.7179361794951796,1.4423466912456813,0.9527990943999999
2026-08-08 18:00:00,PANEL_01,29.85,0.0,0.0,24.32,0.0,350,2024,LOC_A,0.0,29.7,3.87,0,1,0.523369666364506,1.0761704572097874,1e-06
2026-08-08 18:00:00,PANEL_02,30.67,0.0,0.0,24.12,0.0,400,2025,LOC_A,0.0,29.7,3.87,0,0,0.5672005841576797,1.0761704572097874,1e-06
2026-08-08 18:00:00,PANEL_03,29.92,0.07,2.01,24.21,100.0,380,2023,LOC_B,0.0,29.7,3.87,1,0,0.5271113300785575,1.0761704572097874,0.9999989999999999
2026-08-08 19:00:00,PANEL_01,0.0,0.0,0.0,17.62,0.0,350,2024,LOC_A,0.0,30.46,4.84,0,1,-1.0721826459845616,1.2511980910885798,1e-06
2026-08-08 19:00:00,PANEL_02,0.0,0.0,0.0,17.84,0.0,400,2025,LOC_A,0.0,30.46,4.84,0,0,-1.0721826459845616,1.2511980910885798,1e-06
2026-08-08 19:00:00,PANEL_03,0.0,0.0,0.0,17.6,0.0,380,2023,LOC_B,0.0,30.46,4.84,1,0,-1.0721826459845616,1.2511980910885798,1e-06
2026-08-08 20:00:00,PANEL_01,0.0,0.0,0.0,18.54,0.0,350,2024,LOC_A,0.0,26.45,2.35,0,1,-1.0721826459845616,0.32769702285968993,1e-06
2026-08-08 20:00:00,PANEL_02,0.0,0.0,0.0,18.01,0.0,400,2025,LOC_A,0.0,26.45,2.35,0,0,-1.0721826459845616,0.32769702285968993,1e-06
2026-08-08 20:00:00,PANEL_03,0.0,0.0,0.0,18.95,0.0,380,2023,LOC_B,0.0,26.45,2.35,1,0,-1.0721826459845616,0.32769702285968993,1e-06
2026-08-08 21:00:00,PANEL_01,0.0,0.0,0.0,17.97,0.0,350,2024,LOC_A,0.0,23.71,3.74,0,1,-1.0721826459845616,-0.3033236571770073,1e-06
2026-08-08 21:00:00,PANEL_02,0.0,0.0,0.0,17.65,0.0,400,2025,LOC_A,0.0,23.71,3.74,0,0,-1.0721826459845616,-0.3033236571770073,1e-06
2026-08-08 21:00:00,PANEL_03,0.0,0.0,0.0,17.24,0.0,380,2023,LOC_B,0.0,23.71,3.74,1,0,-1.0721826459845616,-0.3033236571770073,1e-06
2026-08-08 22:00:00,PANEL_01,0.0,0.0,0.0,17.1,0.0,350,2024,LOC_A,0.0,22.84,1.79,0,1,-1.0721826459845616,-0.5036842380645722,1e-06
2026-08-08 22:00:00,PANEL_02,0.0,0.0,0.0,17.21,0.0,400,2025,LOC_A,0.0,22.84,1.79,0,0,-1.0721826459845616,-0.5036842380645722,1e-06
2026-08-08 22:00:00,PANEL_03,0.0,0.0,0.0,18.13,0.0,380,2023,LOC_B,0.0,22.84,1.79,1,0,-1.0721826459845616,-0.5036842380645722,1e-06
2026-08-08 23:00:00,PANEL_01,0.0,0.0,0.0,18.25,0.0,350,2024,LOC_A,0.0,21.48,2.2,0,1,-1.0721826459845616,-0.8168915829003052,1e-06
2026-08-08 23:00:00,PANEL_02,0.0,0.0,0.0,17.21,0.0,400,2025,LOC_A,0.0,21.48,2.2,0,0,-1.0721826459845616,-0.8168915829003052,1e-06
2026-08-08 23:00:00,PANEL_03,0.0,0.0,0.0,18.45,0.0,380,2023,LOC_B,0.0,21.48,2.2,1,0,-1.0721826459845616,-0.8168915829003052,1e-06
2026-08-09 00:00:00,PANEL_01,0.0,0.0,0.0,17.76,0.0,350,2024,LOC_A,0.0,22.11,4.56,0,1,-1.0721826459845616,-0.6718028863955172,1e-06
2026-08-09 00:00:00,PANEL_02,0.0,0.0,0.0,18.07,0.0,400,2025,LOC_A,0.0,22.11,4.56,0,0,-1.0721826459845616,-0.6718028863955172,1e-06
2026-08-09 00:00:00,PANEL_03,0.0,0.0,0.0,18.81,0.0,380,2023,LOC_B,0.0,22.11,4.56,1,0,-1.0721826459845616,-0.6718028863955172,1e-06
2026-08-09 01:00:00,PANEL_01,0.0,0.0,0.0,18.45,0.0,350,2024,LOC_A,0.0,19.8,5.28,0,1,-1.0721826459845616,-1.20379477357974,1e-06
2026-08-09 01:00:00,PANEL_02,0.0,0.0,0.0,17.87,0.0,400,2025,LOC_A,0.0,19.8,5.28,0,0,-1.0721826459845616,-1.20379477357974,1e-06
2026-08-09 01:00:00,PANEL_03,0.0,0.0,0.0,17.55,0.0,380,2023,LOC_B,0.0,19.8,5.28,1,0,-1.0721826459845616,-1.20379477357974,1e-06
2026-08-09 02:00:00,PANEL_01,0.0,0.0,0.0,16.92,0.0,350,2024,LOC_A,0.0,19.27,2.47,0,1,-1.0721826459845616,-1.3258535182583717,1e-06
2026-08-09 02:00:00,PANEL_02,0.0,0.0,0.0,17.64,0.0,400,2025,LOC_A,0.0,19.27,2.47,0,0,-1.0721826459845616,-1.3258535182583717,1e-06
2026-08-09 02:00:00,PANEL_03,0.0,0.0,0.0,17.89,0.0,380,2023,LOC_B,0.0,19.27,2.47,1,0,-1.0721826459845616,-1.3258535182583717,1e-06
2026-08-09 03:00:00,PANEL_01,0.0,0.0,0.0,17.51,0.0,350,2024,LOC_A,0.0,20.22,4.15,0,1,-1.0721826459845616,-1.1070689759098817,1e-06
2026-08-09 03:00:00,PANEL_02,0.0,0.0,0.0,17.93,0.0,400,2025,LOC_A,0.0,20.22,4.15,0,0,-1.0721826459845616,-1.1070689759098817,1e-06
2026-08-09 03:00:00,PANEL_03,0.0,0.0,0.0,18.04,0.0,380,2023,LOC_B,0.0,20.22,4.15,1,0,-1.0721826459845616,-1.1070689759098817,1e-06
2026-08-09 04:00:00,PANEL_01,0.0,0.0,0.0,17.89,0.0,350,2024,LOC_A,0.0,18.37,3.27,0,1,-1.0721826459845616,-1.5331230846937831,1e-06
2026-08-09 04:00:00,PANEL_02,0.0,0.0,0.0,17.67,0.0,400,2025,LOC_A,0.0,18.37,3.27,0,0,-1.0721826459845616,-1.5331230846937831,1e-06
2026-08-09 04:00:00,PANEL_03,0.0,0.0,0.0,18.08,0.0,380,2023,LOC_B,0.0,18.37,3.27,1,0,-1.0721826459845616,-1.5331230846937831,1e-06
2026-08-09 05:00:00,PANEL_01,0.0,0.0,0.0,18.22,0.0,350,2024,LOC_A,0.0,19.1,1.84,0,1,-1.0721826459845616,-1.365004436362838,1e-06
2026-08-09 05:00:00,PANEL_02,0.0,0.0,0.0,17.45,0.0,400,2025,LOC_A,0.0,19.1,1.84,0,0,-1.0721826459845616,-1.365004436362838,1e-06
2026-08-09 05:00:00,PANEL_03,0.0,0.0,0.0,18.71,0.0,380,2023,LOC_B,0.0,19.1,1.84,1,0,-1.0721826459845616,-1.365004436362838,1e-06
2026-08-09 06:00:00,PANEL_01,29.95,0.0,0.06,24.71,0.0,350,2024,LOC_A,27.79,22.28,1.82,0,1,0.5287149002417222,-0.6326519682910502,1e-06
2026-08-09 06:00:00,PANEL_02,30.12,0.1,2.87,24.29,0.0,400,2025,LOC_A,27.79,22.28,1.82,0,0,0.53780179783299,-0.6326519682910502,1e-06
2026-08-09 06:00:00,PANEL_03,29.69,0.04,1.07,22.86,0.0,380,2023,LOC_B,27.79,22.28,1.82,1,0,0.51481729216096,-0.6326519682910502,1e-06
2026-08-09 07:00:00,PANEL_01,33.16,2.59,85.95,27.67,94.88,350,2024,LOC_A,236.89,21.48,2.92,0,1,0.7002969077003655,-0.8168915829003052,0.9487991023999999
2026-08-09 07:00:00,PANEL_02,33.04,2.79,92.13,27.33,88.99,400,2025,LOC_A,236.89,21.48,2.92,0,0,0.6938826270477061,-0.8168915829003052,0.8898992201999999
2026-08-09 07:00:00,PANEL_03,33.15,2.83,93.96,26.85,95.54,380,2023,LOC_B,236.89,21.48,2.92,1,0,0.6997623843126439,-0.8168915829003052,0.9553990891999999
2026-08-09 08:00:00,PANEL_01,36.63,4.45,163.08,32.47,93.19,350,2024,LOC_A,407.23,22.76,3.56,0,1,0.8857765232397716,-0.5221081995254973,0.9318991361999999
2026-08-09 08:00:00,PANEL_02,36.21,5.18,187.66,33.28,93.83,400,2025,LOC_A,407.23,22.76,3.56,0,0,0.8633265409554631,-0.5221081995254973,0.9382991233999999
2026-08-09 08:00:00,PANEL_03,35.4,5.19,183.75,32.5,96.71,380,2023,LOC_B,407.23,22.76,3.56,1,0,0.8200301465500108,-0.5221081995254973,0.9670990657999998
2026-08-09 09:00:00,PANEL_01,38.15,6.3,240.43,34.36,97.15,350,2024,LOC_A,576.11,25.22,3.44,0,1,0.9670240781734593,0.04442861539796061,0.9714990569999999
2026-08-09 09:00:00,PANEL_02,38.63,6.98,269.71,34.47,95.36,400,2025,LOC_A,576.11,25.22,3.44,0,0,0.9926812007840978,0.04442861539796061,0.9535990927999999
2026-08-09 09:00:00,PANEL_03,38.89,6.64,258.35,32.86,96.15,380,2023,LOC_B,576.11,25.22,3.44,1,0,1.0065788088648602,0.04442861539796061,0.9614990769999999
2026-08-09 10:00:00,PANEL_01,41.04,6.85,281.13,38.02,92.75,350,2024,LOC_A,728.95,25.83,2.81,0,1,1.1215013372250107,0.18491132153751724,0.9274991449999999
2026-08-09 10:00:00,PANEL_02,40.96,7.93,324.62,36.58,93.71,400,2025,LOC_A,728.95,25.83,2.81,0,0,1.1172251501232375,0.18491132153751724,0.9370991257999999
2026-08-09 10:00:00,PANEL_03,39.84,7.83,311.78,36.68,94.74,380,2023,LOC_B,728.95,25.83,2.81,1,0,1.0573585306984152,0.18491132153751724,0.9473991051999998
2026-08-09 11:00:00,PANEL_01,41.98,7.78,326.67,39.88,96.63,350,2024,LOC_A,843.7,28.4,2.33,0,1,1.1717465356708439,0.7767810834697483,0.9662990673999998
2026-08-09 11:00:00,PANEL_02,41.31,8.86,366.19,36.81,94.78,400,2025,LOC_A,843.7,28.4,2.33,0,0,1.1359334686934948,0.7767810834697483,0.9477991043999999
2026-08-09 11:00:00,PANEL_03,41.19,8.56,352.67,40.1,96.08,380,2023,LOC_B,843.7,28.4,2.33,1,0,1.129519188040835,0.7767810834697483,0.9607990783999999
2026-08-09 12:00:00,PANEL_01,41.38,7.98,330.05,38.97,94.3,350,2024,LOC_A,852.98,29.84,1.5,0,1,1.1396751324075463,1.1084123897664073,0.9429991139999999
2026-08-09 12:00:00,PANEL_02,42.14,8.94,376.59,39.42,94.15,400,2025,LOC_A,852.98,29.84,1.5,0,0,1.1802989098743901,1.1084123897664073,0.941499117
2026-08-09 12:00:00,PANEL_03,41.76,8.64,360.94,39.55,94.98,380,2023,LOC_B,852.98,29.84,1.5,1,0,1.159987021140968,1.1084123897664073,0.9497991003999999
2026-08-09 13:00:00,PANEL_01,41.59,7.68,319.36,38.38,94.46,350,2024,LOC_A,837.34,29.67,4.18,0,1,1.1509001235497005,1.069261471661941,0.9445991107999998
2026-08-09 13:00:00,PANEL_02,41.55,8.8,365.51,38.23,94.6,400,2025,LOC_A,837.34,29.67,4.18,0,0,1.1487620299988137,1.069261471661941,0.9459991079999999
2026-08-09 13:00:00,PANEL_03,42.39,8.28,351.08,38.19,95.65,380,2023,LOC_B,837.34,29.67,4.18,1,0,1.1936619945674307,1.069261471661941,0.956499087
2026-08-09 14:00:00,PANEL_01,40.74,7.03,286.59,38.16,94.55,350,2024,LOC_A,713.22,29.35,1.55,0,1,1.1054656355933619,0.995565625818239,0.9454991089999999
2026-08-09 14:00:00,PANEL_02,40.58,8.1,328.65,37.44,94.87,400,2025,LOC_A,713.22,29.35,1.55,0,0,1.0969132613898156,0.995565625818239,0.9486991025999999
2026-08-09 14:00:00,PANEL_03,39.61,7.78,308.17,35.8,93.64,380,2023,LOC_B,713.22,29.35,1.55,1,0,1.0450644927808175,0.995565625818239,0.9363991271999998
2026-08-09 15:00:00,PANEL_01,38.56,6.27,241.79,36.84,97.7,350,2024,LOC_A,602.48,31.21,2.41,0,1,0.9889395370700463,1.4239227297847563,0.9769990459999999
2026-08-09 15:00:00,PANEL_02,38.8,6.97,270.64,32.81,95.69,400,2025,LOC_A,602.48,31.21,2.41,0,0,1.0017680983753652,1.4239227297847563,0.9568990861999999
2026-08-09 15:00:00,PANEL_03,38.21,6.6,252.26,33.99,93.88,380,2023,LOC_B,602.48,31.21,2.41,1,0,0.9702312184997892,1.4239227297847563,0.9387991223999999
2026-08-09 16:00:00,PANEL_01,35.92,4.58,164.55,29.52,94.03,350,2024,LOC_A,444.16,29.47,3.42,0,1,0.8478253627115359,1.0232015680096267,0.9402991193999999
2026-08-09 16:00:00,PANEL_02,36.37,5.12,186.1,31.74,93.05,400,2025,LOC_A,444.16,29.47,3.42,0,0,0.871878915159009,1.0232015680096267,0.9304991389999999
2026-08-09 16:00:00,PANEL_03,37.04,4.78,177.09,28.97,93.21,380,2023,LOC_B,444.16,29.47,3.42,1,0,0.9076919821363584,1.0232015680096267,0.9320991357999998
2026-08-09 17:00:00,PANEL_01,32.96,2.72,89.69,29.84,99.01,350,2024,LOC_A,183.67,29.67,3.56,0,1,0.6896064399459331,1.069261471661941,0.9900990197999999
2026-08-09 17:00:00,PANEL_02,32.49,3.08,99.97,27.42,96.56,400,2025,LOC_A,183.67,29.67,3.56,0,0,0.6644838407230166,1.069261471661941,0.9655990687999999
2026-08-09 17:00:00,PANEL_03,33.05,3.09,102.17,26.38,100.0,380,2023,LOC_B,183.67,29.67,3.56,1,0,0.6944171504354276,1.069261471661941,0.9999989999999999
2026-08-09 18:00:00,PANEL_01,30.13,0.05,1.41,25.09,100.0,350,2024,LOC_A,0.0,28.93,4.71,0,1,0.5383363212207115,0.8988398281483799,0.9999989999999999
2026-08-09 18:00:00,PANEL_02,30.05,0.03,0.93,23.61,100.0,400,2025,LOC_A,0.0,28.93,4.71,0,0,0.5340601341189386,0.8988398281483799,0.9999989999999999
2026-08-09 18:00:00,PANEL_03,30.13,0.0,0.0,24.62,0.0,380,2023,LOC_B,0.0,28.93,4.71,1,0,0.5383363212207115,0.8988398281483799,1e-06
2026-08-09 19:00:00,PANEL_01,0.0,0.0,0.0,17.82,0.0,350,2024,LOC_A,0.0,27.54,4.5,0,1,-1.0721826459845616,0.5787234977647996,1e-06
2026-08-09 19:00:00,PANEL_02,0.0,0.0,0.0,18.19,0.0,400,2025,LOC_A,0.0,27.54,4.5,0,0,-1.0721826459845616,0.5787234977647996,1e-06
2026-08-09 19:00:00,PANEL_03,0.0,0.0,0.0,17.99,0.0,380,2023,LOC_B,0.0,27.54,4.5,1,0,-1.0721826459845616,0.5787234977647996,1e-06
2026-08-09 20:00:00,PANEL_01,0.0,0.0,0.0,18.56,0.0,350,2024,LOC_A,0.0,25.65,4.14,0,1,-1.0721826459845616,0.143457408250435,1e-06
2026-08-09 20:00:00,PANEL_02,0.0,0.0,0.0,17.97,0.0,400,2025,LOC_A,0.0,25.65,4.14,0,0,-1.0721826459845616,0.143457408250435,1e-06
2026-08-09 20:00:00,PANEL_03,0.0,0.0,0.0,17.11,0.0,380,2023,LOC_B,0.0,25.65,4.14,1,0,-1.0721826459845616,0.143457408250435,1e-06
2026-08-09 21:00:00,PANEL_01,0.0,0.0,0.0,18.63,0.0,350,2024,LOC_A,0.0,26.15,0.53,0,1,-1.0721826459845616,0.25860716738121925,1e-06
2026-08-09 21:00:00,PANEL_02,0.0,0.0,0.0,17.55,0.0,400,2025,LOC_A,0.0,26.15,0.53,0,0,-1.0721826459845616,0.25860716738121925,1e-06
2026-08-09 21:00:00,PANEL_03,0.0,0.0,0.0,17.67,0.0,380,2023,LOC_B,0.0,26.15,0.53,1,0,-1.0721826459845616,0.25860716738121925,1e-06
2026-08-09 22:00:00,PANEL_01,0.0,0.0,0.0,17.7,0.0,350,2024,LOC_A,0.0,22.81,4.19,0,1,-1.0721826459845616,-0.5105932236124194,1e-06
2026-08-09 22:00:00,PANEL_02,0.0,0.0,0.0,18.69,0.0,400,2025,LOC_A,0.0,22.81,4.19,0,0,-1.0721826459845616,-0.5105932236124194,1e-06
2026-08-09 22:00:00,PANEL_03,0.0,0.0,0.0,16.93,0.0,380,2023,LOC_B,0.0,22.81,4.19,1,0,-1.0721826459845616,-0.5105932236124194,1e-06
2026-08-09 23:00:00,PANEL_01,0.0,0.0,0.0,19.57,0.0,350,2024,LOC_A,0.0,21.84,3.95,0,1,-1.0721826459845616,-0.7339837563261407,1e-06
2026-08-09 23:00:00,PANEL_02,0.0,0.0,0.0,18.53,0.0,400,2025,LOC_A,0.0,21.84,3.95,0,0,-1.0721826459845616,-0.7339837563261407,1e-06
2026-08-09 23:00:00,PANEL_03,0.0,0.0,0.0,18.11,0.0,380,2023,LOC_B,0.0,21.84,3.95,1,0,-1.0721826459845616,-0.7339837563261407,1e-06
2026-08-10 00:00:00,PANEL_01,0.0,0.0,0.0,17.97,0.0,350,2024,LOC_A,0.0,20.27,3.6,0,1,-1.0721826459845616,-1.0955539999968031,1e-06
2026-08-10 00:00:00,PANEL_02,0.0,0.0,0.0,18.14,0.0,400,2025,LOC_A,0.0,20.27,3.6,0,0,-1.0721826459845616,-1.0955539999968031,1e-06
2026-08-10 00:00:00,PANEL_03,0.0,0.0,0.0,18.26,0.0,380,2023,LOC_B,0.0,20.27,3.6,1,0,-1.0721826459845616,-1.0955539999968031,1e-06
2026-08-10 01:00:00,PANEL_01,0.0,0.0,0.0,18.32,0.0,350,2024,LOC_A,0.0,19.68,4.9,0,1,-1.0721826459845616,-1.2314307157711286,1e-06
2026-08-10 01:00:00,PANEL_02,0.0,0.0,0.0,18.28,0.0,400,2025,LOC_A,0.0,19.68,4.9,0,0,-1.0721826459845616,-1.2314307157711286,1e-06
2026-08-10 01:00:00,PANEL_03,0.0,0.0,0.0,18.04,0.0,380,2023,LOC_B,0.0,19.68,4.9,1,0,-1.0721826459845616,-1.2314307157711286,1e-06
2026-08-10 02:00:00,PANEL_01,0.0,0.0,0.0,17.9,0.0,350,2024,LOC_A,0.0,19.41,3.91,0,1,-1.0721826459845616,-1.293611585701752,1e-06
2026-08-10 02:00:00,PANEL_02,0.0,0.0,0.0,17.92,0.0,400,2025,LOC_A,0.0,19.41,3.91,0,0,-1.0721826459845616,-1.293611585701752,1e-06
2026-08-10 02:00:00,PANEL_03,0.0,0.0,0.0,17.9,0.0,380,2023,LOC_B,0.0,19.41,3.91,1,0,-1.0721826459845616,-1.293611585701752,1e-06
2026-08-10 03:00:00,PANEL_01,0.0,0.0,0.0,18.57,0.0,350,2024,LOC_A,0.0,18.67,2.91,0,1,-1.0721826459845616,-1.4640332292153122,1e-06
2026-08-10 03:00:00,PANEL_02,0.0,0.0,0.0,18.3,0.0,400,2025,LOC_A,0.0,18.67,2.91,0,0,-1.0721826459845616,-1.4640332292153122,1e-06
2026-08-10 03:00:00,PANEL_03,0.0,0.0,0.0,16.53,0.0,380,2023,LOC_B,0.0,18.67,2.91,1,0,-1.0721826459845616,-1.4640332292153122,1e-06
2026-08-10 04:00:00,PANEL_01,0.0,0.0,0.0,18.33,0.0,350,2024,LOC_A,0.0,18.86,3.97,0,1,-1.0721826459845616,-1.4202763207456148,1e-06
2026-08-10 04:00:00,PANEL_02,0.0,0.0,0.0,18.1,0.0,400,2025,LOC_A,0.0,18.86,3.97,0,0,-1.0721826459845616,-1.4202763207456148,1e-06
2026-08-10 04:00:00,PANEL_03,0.0,0.0,0.0,17.99,0.0,380,2023,LOC_B,0.0,18.86,3.97,1,0,-1.0721826459845616,-1.4202763207456148,1e-06
2026-08-10 05:00:00,PANEL_01,0.0,0.0,0.0,17.81,0.0,350,2024,LOC_A,0.0,19.47,3.85,0,1,-1.0721826459845616,-1.2797936146060582,1e-06
2026-08-10 05:00:00,PANEL_02,0.0,0.0,0.0,18.56,0.0,400,2025,LOC_A,0.0,19.47,3.85,0,0,-1.0721826459845616,-1.2797936146060582,1e-06
2026-08-10 05:00:00,PANEL_03,0.0,0.0,0.0,18.47,0.0,380,2023,LOC_B,0.0,19.47,3.85,1,0,-1.0721826459845616,-1.2797936146060582,1e-06
2026-08-10 06:00:00,PANEL_01,29.61,0.04,1.21,23.03,0.0,350,2024,LOC_A,62.26,21.45,3.11,0,1,0.5105411050591868,-0.8238005684481525,1e-06
2026-08-10 06:00:00,PANEL_02,29.31,0.0,0.0,24.86,0.0,400,2025,LOC_A,62.26,21.45,3.11,0,0,0.4945054034275378,-0.8238005684481525,1e-06
2026-08-10 06:00:00,PANEL_03,30.48,0.05,1.56,24.73,0.0,380,2023,LOC_B,62.26,21.45,3.11,1,0,0.5570446397909686,-0.8238005684481525,1e-06
2026-08-10 07:00:00,PANEL_01,33.36,2.52,83.92,28.31,92.64,350,2024,LOC_A,256.03,21.67,1.05,0,1,0.7109873754547983,-0.7731346744306069,0.9263991471999999
2026-08-10 07:00:00,PANEL_02,33.51,3.01,100.88,29.07,97.44,400,2025,LOC_A,256.03,21.67,1.05,0,0,0.7190052262706227,-0.7731346744306069,0.9743990511999999
2026-08-10 07:00:00,PANEL_03,33.46,2.83,94.61,28.95,96.2,380,2023,LOC_B,256.03,21.67,1.05,1,0,0.7163326093320146,-0.7731346744306069,0.9619990759999999
2026-08-10 08:00:00,PANEL_01,35.99,4.53,163.08,31.34,93.19,350,2024,LOC_A,394.76,21.95,3.08,0,1,0.8515670264255872,-0.7086508093173682,0.9318991361999999
2026-08-10 08:00:00,PANEL_02,35.63,5.27,187.59,31.36,93.8,400,2025,LOC_A,394.76,21.95,3.08,0,0,0.8323241844676086,-0.7086508093173682,0.9379991239999999
2026-08-10 08:00:00,PANEL_03,35.6,5.04,179.4,29.61,94.42,380,2023,LOC_B,394.76,21.95,3.08,1,0,0.8307206143044437,-0.7086508093173682,0.9441991115999999
2026-08-10 09:00:00,PANEL_01,38.59,6.09,235.12,33.79,95.0,350,2024,LOC_A,601.59,26.34,3.89,0,1,0.9905431072332113,0.3023640758509175,0.9499990999999999
2026-08-10 09:00:00,PANEL_02,38.81,7.02,272.34,33.0,96.29,400,2025,LOC_A,601.59,26.34,3.89,0,0,1.002302621763087,0.3023640758509175,0.9628990742
2026-08-10 09:00:00,PANEL_03,38.1,6.62,252.33,33.67,93.91,380,2023,LOC_B,601.59,26.34,3.89,1,0,0.9643514612348513,0.3023640758509175,0.9390991217999999
2026-08-10 10:00:00,PANEL_01,40.81,7.04,287.16,36.73,94.74,350,2024,LOC_A,729.55,27.22,0.85,0,1,1.1092072993074134,0.5050276519210976,0.9473991051999998
2026-08-10 10:00:00,PANEL_02,39.39,8.42,331.59,35.75,95.72,400,2025,LOC_A,729.55,27.22,0.85,0,0,1.0333049782509416,0.5050276519210976,0.9571990855999999
2026-08-10 10:00:00,PANEL_03,40.42,7.76,313.76,38.35,95.34,380,2023,LOC_B,729.55,27.22,0.85,1,0,1.0883608871862696,0.5050276519210976,0.9533990931999999
2026-08-10 11:00:00,PANEL_01,40.94,7.54,308.81,38.67,91.34,350,2024,LOC_A,828.11,28.62,1.73,0,1,1.1161561033477942,0.8274469774872939,0.9133991732
2026-08-10 11:00:00,PANEL_02,42.49,8.76,372.32,38.7,96.36,400,2025,LOC_A,828.11,28.62,1.73,0,0,1.1990072284446471,0.8274469774872939,0.9635990727999999
2026-08-10 11:00:00,PANEL_03,41.35,8.51,352.04,37.52,95.91,380,2023,LOC_B,828.11,28.62,1.73,1,0,1.1380715622443813,0.8274469774872939,0.9590990817999998
2026-08-10 12:00:00,PANEL_01,42.24,7.92,334.64,40.06,95.61,350,2024,LOC_A,884.31,29.51,3.0,0,1,1.1856441437516063,1.03241354874009,0.9560990877999999
2026-08-10 12:00:00,PANEL_02,43.38,8.8,381.7,38.49,95.43,400,2025,LOC_A,884.31,29.51,3.0,0,0,1.2465798099518723,1.03241354874009,0.9542990913999999
2026-08-10 12:00:00,PANEL_03,41.99,8.42,353.57,38.31,93.05,380,2023,LOC_B,884.31,29.51,3.0,1,0,1.1722810590585657,1.03241354874009,0.9304991389999999
2026-08-10 13:00:00,PANEL_01,41.39,7.71,319.0,38.64,94.36,350,2024,LOC_A,840.02,32.01,3.72,0,1,1.1402096557952677,1.6081623443940105,0.9435991127999999
2026-08-10 13:00:00,PANEL_02,41.18,9.03,371.67,38.49,96.19,400,2025,LOC_A,840.02,32.01,3.72,0,0,1.1289846646531134,1.6081623443940105,0.9618990761999999
2026-08-10 13:00:00,PANEL_03,41.59,8.35,347.34,38.64,94.63,380,2023,LOC_B,840.02,32.01,3.72,1,0,1.1509001235497005,1.6081623443940105,0.9462991073999999
2026-08-10 14:00:00,PANEL_01,40.8,6.97,284.42,36.33,93.83,350,2024,LOC_A,743.57,30.43,2.48,0,1,1.1086727759196913,1.2442891055407326,0.9382991233999999
2026-08-10 14:00:00,PANEL_02,40.24,8.04,323.67,36.17,93.44,400,2025,LOC_A,743.57,30.43,2.48,0,0,1.0787394662072802,1.2442891055407326,0.9343991311999998
2026-08-10 14:00:00,PANEL_03,40.15,7.87,316.15,37.25,96.07,380,2023,LOC_B,743.57,30.43,2.48,1,0,1.0739287557177855,1.2442891055407326,0.9606990785999998
2026-08-10 15:00:00,PANEL_01,38.58,6.18,238.4,34.47,96.33,350,2024,LOC_A,625.95,30.32,3.59,0,1,0.9900085838454894,1.2189561585319602,0.9632990733999999
2026-08-10 15:00:00,PANEL_02,38.68,6.94,268.3,34.87,94.86,400,2025,LOC_A,625.95,30.32,3.59,0,0,0.9953538177227058,1.2189561585319602,0.9485991027999999
2026-08-10 15:00:00,PANEL_03,38.19,6.44,245.95,34.47,91.53,380,2023,LOC_B,625.95,30.32,3.59,1,0,0.9691621717243458,1.2189561585319602,0.9152991693999999
2026-08-10 16:00:00,PANEL_01,36.71,4.62,169.65,32.47,96.94,350,2024,LOC_A,410.67,31.18,3.9,0,1,0.8900527103415447,1.417013744236909,0.9693990611999999
2026-08-10 16:00:00,PANEL_02,36.62,5.2,190.32,31.7,95.16,400,2025,LOC_A,410.67,31.18,3.9,0,0,0.8852419998520498,1.417013744236909,0.9515990967999999
2026-08-10 16:00:00,PANEL_03,35.69,5.03,179.37,32.12,94.41,380,2023,LOC_B,410.67,31.18,3.9,1,0,0.8355313247939381,1.417013744236909,0.9440991117999998
2026-08-10 17:00:00,PANEL_01,33.71,2.54,85.59,27.43,94.48,350,2024,LOC_A,251.12,29.79,3.18,0,1,0.7296956940250554,1.0968974138533287,0.9447991104
2026-08-10 17:00:00,PANEL_02,33.11,3.03,100.34,26.44,96.92,400,2025,LOC_A,251.12,29.79,3.18,0,0,0.6976242907617575,1.0968974138533287,0.9691990615999999
2026-08-10 17:00:00,PANEL_03,31.96,2.87,91.67,26.66,93.21,380,2023,LOC_B,251.12,29.79,3.18,1,0,0.63615410117377,1.0968974138533287,0.9320991357999998
2026-08-10 18:00:00,PANEL_01,29.75,0.0,0.0,23.55,0.0,350,2024,LOC_A,0.0,28.89,3.95,0,1,0.5180244324872896,0.8896278474179173,1e-06
2026-08-10 18:00:00,PANEL_02,30.73,0.03,1.0,24.3,100.0,400,2025,LOC_A,0.0,28.89,3.95,0,0,0.5704077244840094,0.8896278474179173,0.9999989999999999
2026-08-10 18:00:00,PANEL_03,30.31,0.0,0.0,25.04,0.0,380,2023,LOC_B,0.0,28.89,3.95,1,0,0.5479577421997008,0.8896278474179173,1e-06
2026-08-10 19:00:00,PANEL_01,0.0,0.0,0.0,17.96,0.0,350,2024,LOC_A,0.0,28.61,2.39,0,1,-1.0721826459845616,0.8251439823046779,1e-06
2026-08-10 19:00:00,PANEL_02,0.0,0.0,0.0,18.34,0.0,400,2025,LOC_A,0.0,28.61,2.39,0,0,-1.0721826459845616,0.8251439823046779,1e-06
2026-08-10 19:00:00,PANEL_03,0.0,0.0,0.0,17.46,0.0,380,2023,LOC_B,0.0,28.61,2.39,1,0,-1.0721826459845616,0.8251439823046779,1e-06
2026-08-10 20:00:00,PANEL_01,0.0,0.0,0.0,17.22,0.0,350,2024,LOC_A,0.0,27.25,5.13,0,1,-1.0721826459845616,0.5119366374689449,1e-06
2026-08-10 20:00:00,PANEL_02,0.0,0.0,0.0,18.41,0.0,400,2025,LOC_A,0.0,27.25,5.13,0,0,-1.0721826459845616,0.5119366374689449,1e-06
2026-08-10 20:00:00,PANEL_03,0.0,0.0,0.0,18.19,0.0,380,2023,LOC_B,0.0,27.25,5.13,1,0,-1.0721826459845616,0.5119366374689449,1e-06
2026-08-10 21:00:00,PANEL_01,0.0,0.0,0.0,17.55,0.0,350,2024,LOC_A,0.0,25.33,5.75,0,1,-1.0721826459845616,0.06976156240673301,1e-06
2026-08-10 21:00:00,PANEL_02,0.0,0.0,0.0,17.57,0.0,400,2025,LOC_A,0.0,25.33,5.75,0,0,-1.0721826459845616,0.06976156240673301,1e-06
2026-08-10 21:00:00,PANEL_03,0.0,0.0,0.0,18.56,0.0,380,2023,LOC_B,0.0,25.33,5.75,1,0,-1.0721826459845616,0.06976156240673301,1e-06
2026-08-10 22:00:00,PANEL_01,0.0,0.0,0.0,17.41,0.0,350,2024,LOC_A,0.0,22.83,2.01,0,1,-1.0721826459845616,-0.5059872332471882,1e-06
2026-08-10 22:00:00,PANEL_02,0.0,0.0,0.0,18.82,0.0,400,2025,LOC_A,0.0,22.83,2.01,0,0,-1.0721826459845616,-0.5059872332471882,1e-06
2026-08-10 22:00:00,PANEL_03,0.0,0.0,0.0,17.55,0.0,380,2023,LOC_B,0.0,22.83,2.01,1,0,-1.0721826459845616,-0.5059872332471882,1e-06
2026-08-10 23:00:00,PANEL_01,0.0,0.0,0.0,18.32,0.0,350,2024,LOC_A,0.0,20.58,5.3,0,1,-1.0721826459845616,-1.0241611493357172,1e-06
2026-08-10 23:00:00,PANEL_02,0.0,0.0,0.0,17.84,0.0,400,2025,LOC_A,0.0,20.58,5.3,0,0,-1.0721826459845616,-1.0241611493357172,1e-06
2026-08-10 23:00:00,PANEL_03,0.0,0.0,0.0,18.3,0.0,380,2023,LOC_B,0.0,20.58,5.3,1,0,-1.0721826459845616,-1.0241611493357172,1e-06
